id,site_id,storage_destination_id,dest_type,type,trigger,status,format,file_path,file_size,has_checksum,has_manifest,parent_backup_id,verification_status,is_locked,duration_seconds,db_size_mb,has_replica,expires_at,created_at,completed_at,last_error,object_present,object_size_match,category
14,12,1,dropbox,database,manual,completed,v2-zip,matematica-interactiva.ro/matematica-interactiva.ro-database-2026-03-12-203926.zip,79931362,t,f,,never_tested,f,559,,f,,2026-03-12 20:30:14,2026-03-12 20:39:33,cURL error 18: end of response with 546321697 bytes missing (see https://curl.haxx.se/libcurl/c/libcurl-errors.html) for,0,0,F
16,12,1,dropbox,database,manual,completed,v2-zip,matematica-interactiva.ro/matematica-interactiva.ro-database-2026-03-12-204323.zip,80062791,t,f,,never_tested,f,155,,f,,2026-03-12 20:40:55,2026-03-12 20:43:30,,0,0,F
26,12,1,dropbox,database,manual,completed,v2-zip,matematica-interactiva.ro/matematica-interactiva.ro-database-2026-03-15-092502.zip,391,t,f,,never_tested,f,326,,f,,2026-03-15 09:19:37,2026-03-15 09:25:03,cURL error 18: end of response with 305753919 bytes missing (see https://curl.haxx.se/libcurl/c/libcurl-errors.html) for,0,0,F
29,13,1,dropbox,database,manual,completed,v2-zip,fastrackids.ro/fastrackids.ro-database-2026-03-15-095419.zip,63612868,t,f,,never_tested,f,25,,f,,2026-03-15 09:54:00,2026-03-15 09:54:25,,0,0,F
58,13,1,dropbox,full,manual,completed,v2-zip,fastrackids.ro/fastrackids.ro-full-2026-03-15-201343.zip,476,t,f,,never_tested,f,18,,f,,2026-03-15 20:13:26,2026-03-15 20:13:44,,0,0,F
59,13,1,dropbox,full,manual,completed,v2-zip,fastrackids.ro/fastrackids.ro-full-2026-03-15-201442.zip,476,t,f,,never_tested,f,23,,f,,2026-03-15 20:14:23,2026-03-15 20:14:46,,0,0,F
61,12,1,dropbox,full,manual,completed,v2-zip,matematica-interactiva.ro/matematica-interactiva.ro-full-2026-03-15-220538.zip,869736277,t,f,,never_tested,f,960,,f,,2026-03-15 21:51:50,2026-03-15 22:07:50,,0,0,F
64,12,1,dropbox,full,scheduled,completed,v2-zip,matematica-interactiva.ro/matematica-interactiva.ro-full-2026-03-16-030725.zip,869913204,t,f,,never_tested,f,576,,f,,2026-03-16 03:00:02,2026-03-16 03:09:38,,0,0,F
92,16,1,dropbox,full,manual,completed,v2-zip,priority-clinic.ro/priority-clinic.ro-full-2026-03-18-140001.zip,1724839048,t,t,,never_tested,f,1423,,f,,2026-03-18 13:40:07,2026-03-18 14:03:50,,0,0,F
93,16,1,dropbox,full,manual,cancelled,v2-zip,,,f,f,,never_tested,f,3,,f,,2026-03-18 14:39:53,2026-03-18 14:39:56,,,,D
94,16,1,dropbox,full,manual,completed,v2-zip,priority-clinic.ro/priority-clinic.ro-full-2026-03-18-161432.zip,1724332100,t,t,,never_tested,f,1348,,f,,2026-03-18 15:55:51,2026-03-18 16:18:19,,0,0,F
95,16,1,dropbox,full,manual,completed,v2-zip,priority-clinic.ro/priority-clinic.ro-full-2026-03-18-162557.zip,1724503650,t,t,,never_tested,f,700,,f,,2026-03-18 16:18:37,2026-03-18 16:30:17,,0,0,F
96,13,1,dropbox,full,manual,completed,v2-zip,fastrackids.ro/fastrackids.ro-full-2026-03-18-180033.zip,1518989681,t,t,,never_tested,f,4288,,f,,2026-03-18 16:53:01,2026-03-18 18:04:29,Backup was in progress for over 35 minutes and appears stuck. It may have been interrupted by a server restart.,0,0,F
97,12,1,dropbox,full,manual,completed,v2-zip,matematica-interactiva.ro/matematica-interactiva.ro-full-2026-03-18-170611.zip,877861876,t,t,,never_tested,f,693,,f,,2026-03-18 16:56:59,2026-03-18 17:08:32,,0,0,F
102,13,1,dropbox,full,scheduled,completed,v2-zip,fastrackids.ro/fastrackids.ro-full-2026-03-19-010554.zip,1522312864,t,t,,never_tested,f,602,,f,,2026-03-19 01:00:01,2026-03-19 01:10:03,,0,0,F
104,12,1,dropbox,full,scheduled,completed,v2-zip,matematica-interactiva.ro/matematica-interactiva.ro-full-2026-03-19-030905.zip,878148663,t,t,,never_tested,f,680,,f,,2026-03-19 03:00:02,2026-03-19 03:11:22,,0,0,F
108,12,1,dropbox,full,scheduled,completed,v2-zip,matematica-interactiva.ro/matematica-interactiva.ro-full-2026-03-20-010900.zip,878882405,t,t,,never_tested,f,660,,f,,2026-03-20 01:00:02,2026-03-20 01:11:02,,0,0,F
109,13,1,dropbox,incremental,scheduled,completed,v2-zip,fastrackids.ro/fastrackids.ro-incremental-2026-03-20-010038.zip,69470603,t,t,102,never_tested,f,41,,f,,2026-03-20 01:00:02,2026-03-20 01:00:43,,0,0,F
110,26,1,dropbox,full,scheduled,completed,v2-zip,simplead.ro/simplead.ro-full-2026-03-20-030154.zip,234069957,t,t,,never_tested,f,145,,f,,2026-03-20 03:00:01,2026-03-20 03:02:26,,0,0,F
111,12,1,dropbox,full,scheduled,completed,v2-zip,matematica-interactiva.ro/matematica-interactiva.ro-full-2026-03-21-082320.zip,868412840,t,t,,never_tested,f,665,,f,,2026-03-21 08:14:23,2026-03-21 08:25:28,,0,0,F
112,13,1,dropbox,incremental,scheduled,completed,v2-zip,fastrackids.ro/fastrackids.ro-incremental-2026-03-21-081502.zip,76409189,t,t,109,never_tested,f,46,,f,,2026-03-21 08:14:24,2026-03-21 08:15:10,,0,0,F
114,15,1,dropbox,full,manual,completed,v2-zip,rollshape.ro/rollshape.ro-full-2026-03-21-083641.zip,344012343,t,t,,never_tested,f,279,,f,,2026-03-21 08:33:00,2026-03-21 08:37:39,,0,0,F
115,17,1,dropbox,full,manual,completed,v2-zip,georgianaungureanu.ro/georgianaungureanu.ro-full-2026-03-21-090125.zip,675207477,t,t,,never_tested,f,576,,f,,2026-03-21 08:53:34,2026-03-21 09:03:10,,0,0,F
116,16,1,dropbox,full,manual,completed,v2-zip,priority-clinic.ro/priority-clinic.ro-full-2026-03-21-133338.zip,1727205381,t,t,,never_tested,f,673,,f,,2026-03-21 13:26:13,2026-03-21 13:37:26,,0,0,F
117,19,1,dropbox,full,manual,completed,v2-zip,manuelasirbu.ro/manuelasirbu.ro-full-2026-03-21-133124.zip,288965771,t,t,,never_tested,f,346,,f,,2026-03-21 13:26:20,2026-03-21 13:32:06,,0,0,F
118,27,1,dropbox,full,manual,completed,v2-zip,paulardeleanu.ro/paulardeleanu.ro-full-2026-03-21-133954.zip,3169932593,t,t,,never_tested,f,1220,,f,,2026-03-21 13:26:23,2026-03-21 13:46:43,,0,0,F
119,22,1,dropbox,full,manual,completed,v2-zip,pallady.ichb.ro/pallady.ichb.ro-full-2026-03-21-133827.zip,1000295145,t,t,,never_tested,f,504,,f,,2026-03-21 13:32:11,2026-03-21 13:40:35,,0,0,F
121,24,1,dropbox,full,manual,completed,v2-zip,isor.ro/isor.ro-full-2026-03-21-134346.zip,1877818400,t,t,,never_tested,f,627,,f,,2026-03-21 13:37:30,2026-03-21 13:47:57,,0,0,F
122,25,1,dropbox,full,manual,completed,v2-zip,premiumstone.ro/premiumstone.ro-full-2026-03-21-134547.zip,231856968,t,t,,never_tested,f,336,,f,,2026-03-21 13:40:41,2026-03-21 13:46:17,,0,0,F
124,29,1,dropbox,full,manual,completed,v2-zip,marketingdeck.com/marketingdeck.com-full-2026-03-21-135023.zip,582689801,t,t,,never_tested,f,285,,f,,2026-03-21 13:46:52,2026-03-21 13:51:37,,0,0,F
127,12,1,dropbox,full,scheduled,completed,v2-zip,matematica-interactiva.ro/matematica-interactiva.ro-full-2026-03-22-010826.zip,857528325,t,t,,never_tested,f,624,,f,,2026-03-22 01:00:00,2026-03-22 01:10:24,,0,0,F
128,13,1,dropbox,full,scheduled,completed,v2-zip,fastrackids.ro/fastrackids.ro-full-2026-03-22-010625.zip,1511185680,t,t,,never_tested,f,597,,f,,2026-03-22 01:00:02,2026-03-22 01:09:59,,0,0,F
130,22,1,dropbox,full,scheduled,completed,v2-zip,pallady.ichb.ro/pallady.ichb.ro-full-2026-03-22-034201.zip,984160590,t,t,,never_tested,f,455,,f,,2026-03-22 03:37:00,2026-03-22 03:44:35,,0,0,F
131,15,1,dropbox,full,scheduled,completed,v2-zip,rollshape.ro/rollshape.ro-full-2026-03-22-035626.zip,305369138,t,t,,never_tested,f,273,,f,,2026-03-22 03:53:00,2026-03-22 03:57:33,,0,0,F
132,27,1,dropbox,full,scheduled,completed,v2-zip,paulardeleanu.ro/paulardeleanu.ro-full-2026-03-22-040717.zip,3170298176,t,t,,never_tested,f,1318,,f,,2026-03-22 03:54:01,2026-03-22 04:15:59,,0,0,F
133,29,1,dropbox,full,scheduled,completed,v2-zip,marketingdeck.com/marketingdeck.com-full-2026-03-22-035620.zip,583211835,t,t,,never_tested,f,240,,f,,2026-03-22 03:54:02,2026-03-22 03:58:02,,0,0,F
134,24,1,dropbox,full,scheduled,completed,v2-zip,isor.ro/isor.ro-full-2026-03-22-040403.zip,1878394973,t,t,,never_tested,f,721,,f,,2026-03-22 03:57:40,2026-03-22 04:09:41,,0,0,F
136,19,1,dropbox,full,scheduled,completed,v2-zip,manuelasirbu.ro/manuelasirbu.ro-full-2026-03-22-043758.zip,289118801,t,t,,never_tested,f,335,,f,,2026-03-22 04:33:01,2026-03-22 04:38:36,,0,0,F
138,16,1,dropbox,full,scheduled,completed,v2-zip,priority-clinic.ro/priority-clinic.ro-full-2026-03-22-045321.zip,1727350236,t,t,,never_tested,f,730,,f,,2026-03-22 04:46:02,2026-03-22 04:58:12,,0,0,F
139,17,1,dropbox,full,scheduled,completed,v2-zip,georgianaungureanu.ro/georgianaungureanu.ro-full-2026-03-22-052349.zip,675506866,t,t,,never_tested,f,602,,f,,2026-03-22 05:16:02,2026-03-22 05:26:04,,0,0,F
140,25,1,dropbox,full,scheduled,completed,v2-zip,premiumstone.ro/premiumstone.ro-full-2026-03-22-103154.zip,203943407,t,t,,never_tested,f,347,,f,,2026-03-22 10:27:00,2026-03-22 10:32:47,,0,0,F
141,28,1,dropbox,full,scheduled,completed,v2-zip,metabolika.ro/metabolika.ro-full-2026-03-22-151547.zip,545836514,t,t,,never_tested,f,315,,f,,2026-03-22 15:12:00,2026-03-22 15:17:15,,0,0,F
142,26,1,dropbox,full,scheduled,completed,v2-zip,simplead.ro/simplead.ro-full-2026-03-24-172854.zip,235526509,t,t,,never_tested,f,161,,f,,2026-03-24 17:27:00,2026-03-24 17:29:41,,0,0,F
143,12,1,dropbox,full,scheduled,completed,v2-zip,matematica-interactiva.ro/matematica-interactiva.ro-full-2026-03-24-173525.zip,857665130,t,t,,never_tested,f,634,,f,,2026-03-24 17:27:01,2026-03-24 17:37:35,,0,0,F
144,13,1,dropbox,incremental,scheduled,completed,v2-zip,fastrackids.ro/fastrackids.ro-incremental-2026-03-24-172741.zip,70046637,t,f,128,never_tested,f,43,,f,,2026-03-24 17:27:03,2026-03-24 17:27:46,,0,0,F
146,15,1,dropbox,full,scheduled,completed,v2-zip,rollshape.ro/rollshape.ro-full-2026-03-24-173342.zip,305835971,t,t,,never_tested,f,256,,f,,2026-03-24 17:30:22,2026-03-24 17:34:38,,0,0,F
147,17,1,dropbox,full,scheduled,completed,v2-zip,georgianaungureanu.ro/georgianaungureanu.ro-full-2026-03-24-174221.zip,676128819,t,t,,never_tested,f,570,,f,,2026-03-24 17:34:42,2026-03-24 17:44:12,,1,1,B
148,19,1,dropbox,full,scheduled,completed,v2-zip,manuelasirbu.ro/manuelasirbu.ro-full-2026-03-24-174108.zip,253026918,t,t,,never_tested,f,255,,f,,2026-03-24 17:37:39,2026-03-24 17:41:54,,0,0,F
149,22,1,dropbox,full,scheduled,completed,v2-zip,pallady.ichb.ro/pallady.ichb.ro-full-2026-03-24-174819.zip,984685808,t,t,,never_tested,f,563,,f,,2026-03-24 17:41:59,2026-03-24 17:51:22,,0,0,F
151,25,1,dropbox,full,scheduled,completed,v2-zip,premiumstone.ro/premiumstone.ro-full-2026-03-24-175230.zip,204575968,t,t,,never_tested,f,334,,f,,2026-03-24 17:47:37,2026-03-24 17:53:11,,0,0,F
152,27,1,dropbox,full,scheduled,completed,v2-zip,paulardeleanu.ro/paulardeleanu.ro-full-2026-03-24-180502.zip,3171335439,t,t,,never_tested,f,1385,,f,,2026-03-24 17:51:26,2026-03-24 18:14:31,,0,0,F
153,28,1,dropbox,full,scheduled,completed,v2-zip,metabolika.ro/metabolika.ro-full-2026-03-24-175623.zip,538838175,t,t,,never_tested,f,307,,f,,2026-03-24 17:52:45,2026-03-24 17:57:52,,0,0,F
154,29,1,dropbox,full,scheduled,completed,v2-zip,marketingdeck.com/marketingdeck.com-full-2026-03-24-175646.zip,585099780,t,t,,never_tested,f,299,,f,,2026-03-24 17:53:15,2026-03-24 17:58:14,,0,0,F
155,16,1,dropbox,full,scheduled,completed,v2-zip,priority-clinic.ro/priority-clinic.ro-full-2026-03-24-180519.zip,1712274964,t,t,,never_tested,f,746,,f,,2026-03-24 17:57:57,2026-03-24 18:10:23,,0,0,F
157,24,1,dropbox,full,scheduled,completed,v2-zip,isor.ro/isor.ro-full-2026-03-24-185216.zip,1863894458,t,t,,never_tested,f,709,,f,,2026-03-24 18:46:01,2026-03-24 18:57:50,,0,0,F
158,12,1,dropbox,full,scheduled,completed,v2-zip,matematica-interactiva.ro/matematica-interactiva.ro-full-2026-03-25-010827.zip,857679948,t,t,,never_tested,f,690,,f,,2026-03-25 01:00:01,2026-03-25 01:11:31,,0,0,F
159,13,1,dropbox,incremental,scheduled,completed,v2-zip,fastrackids.ro/fastrackids.ro-incremental-2026-03-25-010037.zip,70121458,t,t,128,never_tested,f,43,,f,,2026-03-25 01:00:02,2026-03-25 01:00:45,,0,0,F
161,15,1,dropbox,full,scheduled,completed,v2-zip,rollshape.ro/rollshape.ro-full-2026-03-25-010411.zip,305906928,t,t,,never_tested,f,276,,f,,2026-03-25 01:00:45,2026-03-25 01:05:21,,0,0,F
162,17,1,dropbox,full,scheduled,completed,v2-zip,georgianaungureanu.ro/georgianaungureanu.ro-full-2026-03-25-011311.zip,676224761,t,f,,never_tested,f,607,,f,,2026-03-25 01:05:25,2026-03-25 01:15:32,,1,1,B
163,19,1,dropbox,full,scheduled,completed,v2-zip,manuelasirbu.ro/manuelasirbu.ro-full-2026-03-25-011506.zip,253291571,t,t,,never_tested,f,253,,f,,2026-03-25 01:11:36,2026-03-25 01:15:49,,0,0,F
164,22,1,dropbox,full,scheduled,completed,v2-zip,pallady.ichb.ro/pallady.ichb.ro-full-2026-03-25-012037.zip,984698881,t,t,,never_tested,f,483,,f,,2026-03-25 01:15:39,2026-03-25 01:23:42,,0,0,F
165,24,1,dropbox,full,scheduled,completed,v2-zip,isor.ro/isor.ro-full-2026-03-25-012226.zip,1863903692,t,t,,never_tested,f,729,,f,,2026-03-25 01:15:52,2026-03-25 01:28:01,,0,0,F
166,25,1,dropbox,full,scheduled,completed,v2-zip,premiumstone.ro/premiumstone.ro-full-2026-03-25-012523.zip,205543515,t,t,,never_tested,f,324,,f,,2026-03-25 01:20:32,2026-03-25 01:25:56,,0,0,F
167,27,1,dropbox,full,scheduled,completed,v2-zip,paulardeleanu.ro/paulardeleanu.ro-full-2026-03-25-013710.zip,3171351743,t,t,,never_tested,f,1409,,f,,2026-03-25 01:23:47,2026-03-25 01:47:16,,0,0,F
168,28,1,dropbox,full,scheduled,completed,v2-zip,metabolika.ro/metabolika.ro-full-2026-03-25-012934.zip,538846430,t,t,,never_tested,f,328,,f,,2026-03-25 01:25:59,2026-03-25 01:31:27,,0,0,F
169,29,1,dropbox,full,scheduled,completed,v2-zip,marketingdeck.com/marketingdeck.com-full-2026-03-25-013028.zip,585109778,t,t,,never_tested,f,263,,f,,2026-03-25 01:28:07,2026-03-25 01:32:30,,0,0,F
170,16,1,dropbox,full,scheduled,completed,v2-zip,priority-clinic.ro/priority-clinic.ro-full-2026-03-25-013846.zip,1712121193,t,t,,never_tested,f,738,,f,,2026-03-25 01:31:32,2026-03-25 01:43:50,,0,0,F
172,17,1,dropbox,full,scheduled,completed,v2-zip,georgianaungureanu.ro/georgianaungureanu.ro-full-2026-03-25-021452.zip,676238024,t,f,,never_tested,f,601,,f,,2026-03-25 02:07:05,2026-03-25 02:17:06,,1,1,B
173,26,1,dropbox,full,scheduled,completed,v2-zip,simplead.ro/simplead.ro-full-2026-03-25-030157.zip,235533579,t,t,,never_tested,f,172,,f,,2026-03-25 03:00:01,2026-03-25 03:02:53,,0,0,F
174,12,1,dropbox,full,scheduled,completed,v2-zip,matematica-interactiva.ro/matematica-interactiva.ro-full-2026-03-26-010849.zip,857683669,t,t,,never_tested,f,656,,f,,2026-03-26 01:00:00,2026-03-26 01:10:56,,0,0,F
176,15,1,dropbox,full,scheduled,completed,v2-zip,rollshape.ro/rollshape.ro-full-2026-03-26-010323.zip,306141848,t,t,,never_tested,f,251,,f,,2026-03-26 01:00:03,2026-03-26 01:04:14,,0,0,F
177,17,1,dropbox,full,scheduled,completed,v2-zip,georgianaungureanu.ro/georgianaungureanu.ro-full-2026-03-26-011202.zip,676490992,t,t,,never_tested,f,576,,f,,2026-03-26 01:04:17,2026-03-26 01:13:53,,1,1,B
178,19,1,dropbox,full,scheduled,completed,v2-zip,manuelasirbu.ro/manuelasirbu.ro-full-2026-03-26-011432.zip,253760591,t,t,,never_tested,f,257,,f,,2026-03-26 01:11:03,2026-03-26 01:15:20,,0,0,F
179,22,1,dropbox,full,scheduled,completed,v2-zip,pallady.ichb.ro/pallady.ichb.ro-full-2026-03-26-012007.zip,985044672,t,t,,never_tested,f,511,,f,,2026-03-26 01:14:01,2026-03-26 01:22:32,,0,0,F
181,25,1,dropbox,full,scheduled,completed,v2-zip,premiumstone.ro/premiumstone.ro-full-2026-03-26-012627.zip,204761957,t,t,,never_tested,f,324,,f,,2026-03-26 01:21:35,2026-03-26 01:26:59,,0,0,F
183,28,1,dropbox,full,scheduled,completed,v2-zip,metabolika.ro/metabolika.ro-full-2026-03-26-013000.zip,538845456,t,t,,never_tested,f,295,,f,,2026-03-26 01:26:27,2026-03-26 01:31:22,,0,0,F
184,29,1,dropbox,full,scheduled,completed,v2-zip,marketingdeck.com/marketingdeck.com-full-2026-03-26-013034.zip,585336196,t,t,,never_tested,f,293,,f,,2026-03-26 01:27:03,2026-03-26 01:31:56,,0,0,F
185,16,1,dropbox,full,scheduled,completed,v2-zip,priority-clinic.ro/priority-clinic.ro-full-2026-03-26-013850.zip,1712484087,t,t,,never_tested,f,687,,f,,2026-03-26 01:31:27,2026-03-26 01:42:54,,0,0,F
186,13,1,dropbox,incremental,scheduled,completed,v2-zip,fastrackids.ro/fastrackids.ro-incremental-2026-03-26-013236.zip,69069097,t,t,159,never_tested,f,45,,f,,2026-03-26 01:32:00,2026-03-26 01:32:45,,0,0,F
188,27,1,dropbox,full,scheduled,completed,v2-zip,paulardeleanu.ro/paulardeleanu.ro-full-2026-03-26-023740.zip,3171420120,t,t,,never_tested,f,1260,,f,,2026-03-26 02:24:17,2026-03-26 02:45:17,,0,0,F
189,26,1,dropbox,full,scheduled,completed,v2-zip,simplead.ro/simplead.ro-full-2026-03-26-030154.zip,235530392,t,t,,never_tested,f,150,,f,,2026-03-26 03:00:00,2026-03-26 03:02:30,,0,0,F
190,12,1,dropbox,full,scheduled,completed,v2-zip,matematica-interactiva.ro/matematica-interactiva.ro-full-2026-03-27-010824.zip,857692140,t,t,,never_tested,f,697,,f,,2026-03-27 01:00:01,2026-03-27 01:11:38,,0,0,F
191,13,1,dropbox,incremental,scheduled,completed,v2-zip,fastrackids.ro/fastrackids.ro-incremental-2026-03-27-010040.zip,69185660,t,t,186,never_tested,f,49,,f,,2026-03-27 01:00:02,2026-03-27 01:00:51,,0,0,F
193,15,1,dropbox,full,scheduled,completed,v2-zip,rollshape.ro/rollshape.ro-full-2026-03-27-010411.zip,306337300,t,t,,never_tested,f,271,,f,,2026-03-27 01:00:51,2026-03-27 01:05:22,,0,0,F
194,17,1,dropbox,full,scheduled,completed,v2-zip,georgianaungureanu.ro/georgianaungureanu.ro-full-2026-03-27-011311.zip,676781389,t,f,,never_tested,f,605,,f,,2026-03-27 01:05:27,2026-03-27 01:15:32,,1,1,B
195,19,1,dropbox,full,scheduled,completed,v2-zip,manuelasirbu.ro/manuelasirbu.ro-full-2026-03-27-011517.zip,254097159,t,t,,never_tested,f,263,,f,,2026-03-27 01:11:47,2026-03-27 01:16:10,,0,0,F
196,25,1,dropbox,full,scheduled,completed,v2-zip,premiumstone.ro/premiumstone.ro-full-2026-03-27-012029.zip,204723803,t,t,,never_tested,f,338,,f,,2026-03-27 01:15:39,2026-03-27 01:21:17,,0,0,F
197,27,1,dropbox,full,scheduled,completed,v2-zip,paulardeleanu.ro/paulardeleanu.ro-full-2026-03-27-012947.zip,3171437254,t,t,,never_tested,f,1438,,f,,2026-03-27 01:16:14,2026-03-27 01:40:12,,0,0,F
198,28,1,dropbox,full,scheduled,completed,v2-zip,metabolika.ro/metabolika.ro-full-2026-03-27-012453.zip,538846065,t,t,,never_tested,f,325,,f,,2026-03-27 01:21:21,2026-03-27 01:26:46,,0,0,F
199,29,1,dropbox,full,scheduled,completed,v2-zip,marketingdeck.com/marketingdeck.com-full-2026-03-27-012357.zip,585338949,t,t,,never_tested,f,255,,f,,2026-03-27 01:21:37,2026-03-27 01:25:52,,0,0,F
200,16,1,dropbox,full,scheduled,completed,v2-zip,priority-clinic.ro/priority-clinic.ro-full-2026-03-27-013313.zip,1712901476,t,t,,never_tested,f,775,,f,,2026-03-27 01:25:56,2026-03-27 01:38:51,,0,0,F
201,22,1,dropbox,full,scheduled,completed,v2-zip,pallady.ichb.ro/pallady.ichb.ro-full-2026-03-27-013151.zip,985002537,t,t,,never_tested,f,490,,f,,2026-03-27 01:26:51,2026-03-27 01:35:01,,0,0,F
204,17,1,dropbox,full,scheduled,completed,v2-zip,georgianaungureanu.ro/georgianaungureanu.ro-full-2026-03-27-021452.zip,676803906,t,f,,never_tested,f,602,,f,,2026-03-27 02:07:07,2026-03-27 02:17:09,,1,1,B
205,26,1,dropbox,full,scheduled,completed,v2-zip,simplead.ro/simplead.ro-full-2026-03-27-030354.zip,235534820,t,t,,never_tested,f,162,,f,,2026-03-27 03:02:00,2026-03-27 03:04:42,,0,0,F
206,12,1,dropbox,full,scheduled,completed,v2-zip,matematica-interactiva.ro/matematica-interactiva.ro-full-2026-03-28-010817.zip,857716633,t,t,,never_tested,f,614,,f,,2026-03-28 01:00:02,2026-03-28 01:10:16,,0,0,F
208,13,1,dropbox,incremental,scheduled,completed,v2-zip,fastrackids.ro/fastrackids.ro-incremental-2026-03-28-010041.zip,69219011,t,t,191,never_tested,f,45,,f,,2026-03-28 01:00:03,2026-03-28 01:00:48,,0,0,F
237,12,1,dropbox,full,scheduled,completed,v2-zip,matematica-interactiva.ro/matematica-interactiva.ro-full-2026-03-30-000834.zip,857725682,t,t,,never_tested,f,636,,f,,2026-03-30 00:00:01,2026-03-30 00:10:37,,0,0,F
238,13,1,dropbox,incremental,scheduled,completed,v2-zip,fastrackids.ro/fastrackids.ro-incremental-2026-03-30-000042.zip,69272958,t,t,208,never_tested,f,54,,f,,2026-03-30 00:00:02,2026-03-30 00:00:56,,0,0,F
239,15,1,dropbox,full,scheduled,completed,v2-zip,rollshape.ro/rollshape.ro-full-2026-03-30-000328.zip,305719508,t,t,,never_tested,f,249,,f,,2026-03-30 00:00:02,2026-03-30 00:04:11,,0,0,F
240,17,1,dropbox,full,scheduled,completed,v2-zip,georgianaungureanu.ro/georgianaungureanu.ro-full-2026-03-30-000845.zip,677580795,t,t,,never_tested,f,569,,f,,2026-03-30 00:00:57,2026-03-30 00:10:26,,1,1,B
241,19,1,dropbox,full,scheduled,completed,v2-zip,manuelasirbu.ro/manuelasirbu.ro-full-2026-03-30-000747.zip,254847814,t,t,,never_tested,f,246,,f,,2026-03-30 00:04:14,2026-03-30 00:08:20,,0,0,F
268,12,1,dropbox,full,scheduled,completed,v2-zip,matematica-interactiva.ro/matematica-interactiva.ro-full-2026-04-01-000902.zip,857727801,t,t,,never_tested,f,666,,f,,2026-04-01 00:00:01,2026-04-01 00:11:07,,0,0,F
269,13,1,dropbox,incremental,scheduled,completed,v2-zip,fastrackids.ro/fastrackids.ro-incremental-2026-04-01-000038.zip,69443141,t,t,238,never_tested,f,50,,f,,2026-04-01 00:00:01,2026-04-01 00:00:51,,0,0,F
270,15,1,dropbox,full,scheduled,completed,v2-zip,rollshape.ro/rollshape.ro-full-2026-04-01-000323.zip,306144439,t,t,,never_tested,f,244,,f,,2026-04-01 00:00:03,2026-04-01 00:04:07,,0,0,F
271,17,1,dropbox,full,scheduled,completed,v2-zip,georgianaungureanu.ro/georgianaungureanu.ro-full-2026-04-01-000840.zip,678135529,t,t,,never_tested,f,562,,f,,2026-04-01 00:00:52,2026-04-01 00:10:14,,1,1,B
272,19,1,dropbox,full,scheduled,completed,v2-zip,manuelasirbu.ro/manuelasirbu.ro-full-2026-04-01-000743.zip,255405125,t,t,,never_tested,f,252,,f,,2026-04-01 00:04:11,2026-04-01 00:08:23,,0,0,F
273,22,1,dropbox,full,scheduled,completed,v2-zip,pallady.ichb.ro/pallady.ichb.ro-full-2026-04-01-001452.zip,985624071,t,t,,never_tested,f,517,,f,,2026-04-01 00:08:29,2026-04-01 00:17:06,,0,0,F
275,25,1,dropbox,full,scheduled,completed,v2-zip,premiumstone.ro/premiumstone.ro-full-2026-04-01-001605.zip,205516953,t,t,,never_tested,f,319,,f,,2026-04-01 00:11:15,2026-04-01 00:16:34,,0,0,F
276,27,1,dropbox,full,scheduled,completed,v2-zip,paulardeleanu.ro/paulardeleanu.ro-full-2026-04-01-003009.zip,3179191313,t,t,,never_tested,f,1255,,f,,2026-04-01 00:16:37,2026-04-01 00:37:32,,0,0,F
277,28,1,dropbox,full,scheduled,completed,v2-zip,metabolika.ro/metabolika.ro-full-2026-04-01-002047.zip,538858944,t,t,,never_tested,f,289,,f,,2026-04-01 00:17:14,2026-04-01 00:22:03,,0,0,F
278,29,1,dropbox,full,scheduled,completed,v2-zip,marketingdeck.com/marketingdeck.com-full-2026-04-01-001955.zip,585926187,t,t,,never_tested,f,224,,f,,2026-04-01 00:17:34,2026-04-01 00:21:18,,0,0,F
279,16,1,dropbox,full,scheduled,completed,v2-zip,priority-clinic.ro/priority-clinic.ro-full-2026-04-01-002834.zip,1710742284,t,t,,never_tested,f,673,,f,,2026-04-01 00:21:22,2026-04-01 00:32:35,,0,0,F
282,32,1,dropbox,full,scheduled,completed,v2-zip,feaagalati.ro/feaagalati.ro-full-2026-04-01-030156.zip,139448584,t,t,,never_tested,f,134,,f,,2026-04-01 03:00:01,2026-04-01 03:02:15,,0,0,F
295,18,1,dropbox,full,manual,completed,v2-zip,hotelsimonahalep.ro/hotelsimonahalep.ro-full-2026-04-01-134431.zip,488345828,t,t,,never_tested,f,120,,f,,2026-04-01 13:43:34,2026-04-01 13:45:34,,0,0,F
296,18,1,dropbox,full,scheduled,completed,v2-zip,hotelsimonahalep.ro/hotelsimonahalep.ro-full-2026-04-01-134836.zip,474271468,t,t,,never_tested,f,121,,f,,2026-04-01 13:47:42,2026-04-01 13:49:43,,0,0,F
305,12,1,dropbox,full,scheduled,completed,v2-zip,matematica-interactiva.ro/matematica-interactiva.ro-full-2026-04-02-000651.zip,857656347,t,t,,never_tested,f,572,,f,,2026-04-02 00:00:01,2026-04-02 00:09:33,,0,0,F
306,13,1,dropbox,incremental,scheduled,completed,v2-zip,fastrackids.ro/fastrackids.ro-incremental-2026-04-02-000045.zip,68613722,t,t,269,never_tested,f,62,,f,,2026-04-02 00:00:01,2026-04-02 00:01:03,,0,0,F
307,15,1,dropbox,full,scheduled,completed,v2-zip,rollshape.ro/rollshape.ro-full-2026-04-02-000110.zip,306301947,t,t,,never_tested,f,131,,f,,2026-04-02 00:00:02,2026-04-02 00:02:13,,0,0,F
308,17,1,dropbox,full,scheduled,completed,v2-zip,georgianaungureanu.ro/georgianaungureanu.ro-full-2026-04-02-000408.zip,678397752,t,t,,never_tested,f,311,,f,,2026-04-02 00:01:04,2026-04-02 00:06:15,,1,1,B
309,18,1,dropbox,full,scheduled,completed,v2-zip,hotelsimonahalep.ro/hotelsimonahalep.ro-full-2026-04-02-000312.zip,473253319,t,t,,never_tested,f,139,,f,,2026-04-02 00:02:17,2026-04-02 00:04:36,,0,0,F
310,19,1,dropbox,full,scheduled,completed,v2-zip,manuelasirbu.ro/manuelasirbu.ro-full-2026-04-02-000550.zip,254577098,t,t,,never_tested,f,122,,f,,2026-04-02 00:04:39,2026-04-02 00:06:41,,0,0,F
313,25,1,dropbox,full,scheduled,completed,v2-zip,premiumstone.ro/premiumstone.ro-full-2026-04-02-001103.zip,204604645,t,t,,never_tested,f,124,,f,,2026-04-02 00:09:40,2026-04-02 00:11:44,,0,0,F
314,27,1,dropbox,full,scheduled,completed,v2-zip,paulardeleanu.ro/paulardeleanu.ro-full-2026-04-02-001710.zip,3172385879,t,t,,never_tested,f,1008,,f,,2026-04-02 00:10:18,2026-04-02 00:27:06,,0,0,F
315,28,1,dropbox,full,scheduled,completed,v2-zip,metabolika.ro/metabolika.ro-full-2026-04-02-001259.zip,538959034,t,t,,never_tested,f,180,,f,,2026-04-02 00:11:48,2026-04-02 00:14:48,,0,0,F
316,29,1,dropbox,full,scheduled,completed,v2-zip,marketingdeck.com/marketingdeck.com-full-2026-04-02-001603.zip,585837815,t,t,,never_tested,f,182,,f,,2026-04-02 00:14:53,2026-04-02 00:17:55,,0,0,F
317,16,1,dropbox,full,scheduled,completed,v2-zip,priority-clinic.ro/priority-clinic.ro-full-2026-04-02-001843.zip,1710972874,t,t,,never_tested,f,487,,f,,2026-04-02 00:16:01,2026-04-02 00:24:08,,0,0,F
318,22,1,dropbox,full,scheduled,completed,v2-zip,pallady.ichb.ro/pallady.ichb.ro-full-2026-04-02-011049.zip,985604599,t,t,,never_tested,f,322,,f,,2026-04-02 01:08:06,2026-04-02 01:13:28,,0,0,F
320,32,1,dropbox,full,scheduled,completed,v2-zip,feaagalati.ro/feaagalati.ro-full-2026-04-02-030047.zip,139463224,t,t,,never_tested,f,67,,f,,2026-04-02 03:00:01,2026-04-02 03:01:08,,0,0,F
325,12,1,dropbox,full,scheduled,completed,v2-zip,matematica-interactiva.ro/matematica-interactiva.ro-full-2026-04-03-000630.zip,857833219,t,t,,never_tested,f,550,,f,,2026-04-03 00:00:02,2026-04-03 00:09:12,,0,0,F
326,13,1,dropbox,incremental,scheduled,completed,v2-zip,fastrackids.ro/fastrackids.ro-incremental-2026-04-03-000046.zip,68611220,t,t,306,never_tested,f,61,,f,,2026-04-03 00:00:02,2026-04-03 00:01:03,,0,0,F
327,15,1,dropbox,full,scheduled,completed,v2-zip,rollshape.ro/rollshape.ro-full-2026-04-03-000104.zip,306516237,t,t,,never_tested,f,130,,f,,2026-04-03 00:00:03,2026-04-03 00:02:13,,0,0,F
328,17,1,dropbox,full,scheduled,completed,v2-zip,georgianaungureanu.ro/georgianaungureanu.ro-full-2026-04-03-000408.zip,678687423,t,t,,never_tested,f,311,,f,,2026-04-03 00:01:05,2026-04-03 00:06:16,,1,1,B
329,18,1,dropbox,full,scheduled,completed,v2-zip,hotelsimonahalep.ro/hotelsimonahalep.ro-full-2026-04-03-000311.zip,474465304,t,t,,never_tested,f,144,,f,,2026-04-03 00:02:16,2026-04-03 00:04:40,,0,0,F
330,19,1,dropbox,full,scheduled,completed,v2-zip,manuelasirbu.ro/manuelasirbu.ro-full-2026-04-03-000554.zip,254794907,t,t,,never_tested,f,123,,f,,2026-04-03 00:04:44,2026-04-03 00:06:47,,0,0,F
331,22,1,dropbox,full,scheduled,completed,v2-zip,pallady.ichb.ro/pallady.ichb.ro-full-2026-04-03-000905.zip,985894881,t,t,,never_tested,f,355,,f,,2026-04-03 00:06:25,2026-04-03 00:12:20,,0,0,F
333,25,1,dropbox,full,scheduled,completed,v2-zip,premiumstone.ro/premiumstone.ro-full-2026-04-03-001041.zip,205137943,t,t,,never_tested,f,117,,f,,2026-04-03 00:09:20,2026-04-03 00:11:17,,0,0,F
334,27,1,dropbox,full,scheduled,completed,v2-zip,paulardeleanu.ro/paulardeleanu.ro-full-2026-04-03-001816.zip,3172532131,t,t,,never_tested,f,1008,,f,,2026-04-03 00:11:20,2026-04-03 00:28:08,,0,0,F
335,28,1,dropbox,full,scheduled,completed,v2-zip,metabolika.ro/metabolika.ro-full-2026-04-03-001335.zip,538960753,t,t,,never_tested,f,170,,f,,2026-04-03 00:12:26,2026-04-03 00:15:16,,0,0,F
336,29,1,dropbox,full,scheduled,completed,v2-zip,marketingdeck.com/marketingdeck.com-full-2026-04-03-001631.zip,585923824,t,t,,never_tested,f,175,,f,,2026-04-03 00:15:20,2026-04-03 00:18:15,,0,0,F
337,16,1,dropbox,full,scheduled,completed,v2-zip,priority-clinic.ro/priority-clinic.ro-full-2026-04-03-001805.zip,1711502271,t,t,,never_tested,f,495,,f,,2026-04-03 00:15:24,2026-04-03 00:23:39,,0,0,F
338,32,1,dropbox,full,scheduled,completed,v2-zip,feaagalati.ro/feaagalati.ro-full-2026-04-03-030044.zip,139469457,t,t,,never_tested,f,67,,f,,2026-04-03 03:00:01,2026-04-03 03:01:08,,0,0,F
342,33,1,dropbox,full,manual,completed,v2-zip,ehvac.ro/ehvac.ro-full-2026-04-03-122315.zip,901028160,t,t,,never_tested,f,822,,f,,2026-04-03 12:12:06,2026-04-03 12:25:48,,0,0,F
343,12,1,dropbox,full,scheduled,completed,v2-zip,matematica-interactiva.ro/matematica-interactiva.ro-full-2026-04-04-000533.zip,857828373,t,t,,never_tested,f,474,,f,,2026-04-04 00:00:01,2026-04-04 00:07:55,,0,0,F
344,13,1,dropbox,incremental,scheduled,completed,v2-zip,fastrackids.ro/fastrackids.ro-incremental-2026-04-04-000045.zip,68891545,t,t,326,never_tested,f,59,,f,,2026-04-04 00:00:01,2026-04-04 00:01:00,,0,0,F
345,15,1,dropbox,full,scheduled,completed,v2-zip,rollshape.ro/rollshape.ro-full-2026-04-04-000104.zip,306725690,t,t,,never_tested,f,111,,f,,2026-04-04 00:00:02,2026-04-04 00:01:53,,0,0,F
346,17,1,dropbox,full,scheduled,completed,v2-zip,georgianaungureanu.ro/georgianaungureanu.ro-full-2026-04-04-000403.zip,678922929,t,f,,never_tested,f,280,,f,,2026-04-04 00:01:03,2026-04-04 00:05:43,,1,1,B
347,18,1,dropbox,full,scheduled,completed,v2-zip,hotelsimonahalep.ro/hotelsimonahalep.ro-full-2026-04-04-000252.zip,474471018,t,t,,never_tested,f,130,,f,,2026-04-04 00:01:58,2026-04-04 00:04:08,,0,0,F
348,19,1,dropbox,full,scheduled,completed,v2-zip,manuelasirbu.ro/manuelasirbu.ro-full-2026-04-04-000520.zip,255006224,t,t,,never_tested,f,115,,f,,2026-04-04 00:04:12,2026-04-04 00:06:07,,0,0,F
349,22,1,dropbox,full,scheduled,completed,v2-zip,pallady.ichb.ro/pallady.ichb.ro-full-2026-04-04-000831.zip,986231260,t,t,,never_tested,f,318,,f,,2026-04-04 00:05:50,2026-04-04 00:11:08,,0,0,F
351,25,1,dropbox,full,scheduled,completed,v2-zip,premiumstone.ro/premiumstone.ro-full-2026-04-04-000928.zip,204639263,t,t,,never_tested,f,118,,f,,2026-04-04 00:08:04,2026-04-04 00:10:02,,0,0,F
352,27,1,dropbox,full,scheduled,completed,v2-zip,paulardeleanu.ro/paulardeleanu.ro-full-2026-04-04-001702.zip,3172526161,t,t,,never_tested,f,895,,f,,2026-04-04 00:10:06,2026-04-04 00:25:01,,0,0,F
353,28,1,dropbox,full,scheduled,completed,v2-zip,metabolika.ro/metabolika.ro-full-2026-04-04-001223.zip,538963331,t,t,,never_tested,f,152,,f,,2026-04-04 00:11:13,2026-04-04 00:13:45,,0,0,F
354,29,1,dropbox,full,scheduled,completed,v2-zip,marketingdeck.com/marketingdeck.com-full-2026-04-04-001455.zip,586171066,t,t,,never_tested,f,168,,f,,2026-04-04 00:13:44,2026-04-04 00:16:32,,0,0,F
355,16,1,dropbox,full,scheduled,completed,v2-zip,priority-clinic.ro/priority-clinic.ro-full-2026-04-04-001630.zip,1712091212,t,t,,never_tested,f,438,,f,,2026-04-04 00:13:49,2026-04-04 00:21:07,,0,0,F
356,17,1,dropbox,full,scheduled,completed,v2-zip,georgianaungureanu.ro/georgianaungureanu.ro-full-2026-04-04-010546.zip,678943941,t,f,,never_tested,f,284,,f,,2026-04-04 01:02:43,2026-04-04 01:07:27,,1,1,B
358,32,1,dropbox,full,scheduled,completed,v2-zip,feaagalati.ro/feaagalati.ro-full-2026-04-04-030047.zip,139473417,t,t,,never_tested,f,68,,f,,2026-04-04 03:00:03,2026-04-04 03:01:11,,0,0,F
359,33,1,dropbox,full,scheduled,completed,v2-zip,ehvac.ro/ehvac.ro-full-2026-04-04-031042.zip,901680877,t,t,,never_tested,f,775,,f,,2026-04-04 03:00:03,2026-04-04 03:12:58,,0,0,F
360,12,1,dropbox,full,scheduled,completed,v2-zip,matematica-interactiva.ro/matematica-interactiva.ro-full-2026-04-05-000640.zip,857855173,t,t,,never_tested,f,538,,f,,2026-04-05 00:00:00,2026-04-05 00:08:58,,0,0,F
361,13,1,dropbox,full,scheduled,completed,v2-zip,fastrackids.ro/fastrackids.ro-full-2026-04-05-000226.zip,1513029381,t,t,,never_tested,f,367,,f,,2026-04-05 00:00:01,2026-04-05 00:06:08,,0,0,F
362,15,1,dropbox,full,scheduled,completed,v2-zip,rollshape.ro/rollshape.ro-full-2026-04-05-000105.zip,306934481,t,t,,never_tested,f,109,,f,,2026-04-05 00:00:02,2026-04-05 00:01:51,,0,0,F
363,17,1,dropbox,full,scheduled,completed,v2-zip,georgianaungureanu.ro/georgianaungureanu.ro-full-2026-04-05-000504.zip,679250976,t,f,,never_tested,f,284,,f,,2026-04-05 00:01:57,2026-04-05 00:06:41,,1,1,B
364,18,1,dropbox,full,scheduled,completed,v2-zip,hotelsimonahalep.ro/hotelsimonahalep.ro-full-2026-04-05-000711.zip,474471315,t,t,,never_tested,f,128,,f,,2026-04-05 00:06:14,2026-04-05 00:08:22,,0,0,F
365,19,1,dropbox,full,scheduled,completed,v2-zip,manuelasirbu.ro/manuelasirbu.ro-full-2026-04-05-000759.zip,255221078,t,t,,never_tested,f,107,,f,,2026-04-05 00:06:49,2026-04-05 00:08:36,,0,0,F
366,22,1,dropbox,full,scheduled,completed,v2-zip,pallady.ichb.ro/pallady.ichb.ro-full-2026-04-05-001228.zip,986238271,t,t,,never_tested,f,387,,f,,2026-04-05 00:08:25,2026-04-05 00:14:52,,0,0,F
368,25,1,dropbox,full,scheduled,completed,v2-zip,premiumstone.ro/premiumstone.ro-full-2026-04-05-001032.zip,204831055,t,t,,never_tested,f,113,,f,,2026-04-05 00:09:08,2026-04-05 00:11:01,,0,0,F
369,27,1,dropbox,full,scheduled,completed,v2-zip,paulardeleanu.ro/paulardeleanu.ro-full-2026-04-05-001811.zip,3172765238,t,t,,never_tested,f,872,,f,,2026-04-05 00:11:05,2026-04-05 00:25:37,,0,0,F
370,28,1,dropbox,full,scheduled,completed,v2-zip,metabolika.ro/metabolika.ro-full-2026-04-05-001609.zip,538965809,t,t,,never_tested,f,151,,f,,2026-04-05 00:14:58,2026-04-05 00:17:29,,0,0,F
371,29,1,dropbox,full,scheduled,completed,v2-zip,marketingdeck.com/marketingdeck.com-full-2026-04-05-001711.zip,587394856,t,t,,never_tested,f,158,,f,,2026-04-05 00:16:00,2026-04-05 00:18:38,,0,0,F
372,16,1,dropbox,full,scheduled,completed,v2-zip,priority-clinic.ro/priority-clinic.ro-full-2026-04-05-002016.zip,1712322000,t,t,,never_tested,f,403,,f,,2026-04-05 00:17:34,2026-04-05 00:24:17,,0,0,F
373,17,1,dropbox,full,scheduled,completed,v2-zip,georgianaungureanu.ro/georgianaungureanu.ro-full-2026-04-05-010643.zip,679276151,t,f,,never_tested,f,282,,f,,2026-04-05 01:03:38,2026-04-05 01:08:20,,1,1,B
374,26,1,dropbox,full,scheduled,completed,v2-zip,simplead.ro/simplead.ro-full-2026-04-05-030044.zip,235542524,t,t,,never_tested,f,78,,f,,2026-04-05 03:00:00,2026-04-05 03:01:18,,0,0,F
375,32,1,dropbox,full,scheduled,completed,v2-zip,feaagalati.ro/feaagalati.ro-full-2026-04-05-030044.zip,139471311,t,t,,never_tested,f,68,,f,,2026-04-05 03:00:01,2026-04-05 03:01:09,,0,0,F
376,33,1,dropbox,full,scheduled,completed,v2-zip,ehvac.ro/ehvac.ro-full-2026-04-05-031054.zip,903069315,t,t,,never_tested,f,768,,f,,2026-04-05 03:00:03,2026-04-05 03:12:51,,0,0,F
379,12,1,dropbox,full,scheduled,completed,v2-zip,matematica-interactiva.ro/matematica-interactiva.ro-full-2026-04-06-000632.zip,857567129,t,t,,never_tested,f,518,,f,,2026-04-06 00:00:00,2026-04-06 00:08:38,,0,0,F
380,13,1,dropbox,incremental,scheduled,completed,v2-zip,fastrackids.ro/fastrackids.ro-incremental-2026-04-06-000045.zip,68507800,t,t,361,never_tested,f,56,,f,,2026-04-06 00:00:01,2026-04-06 00:00:57,,0,0,F
381,15,1,dropbox,full,scheduled,completed,v2-zip,rollshape.ro/rollshape.ro-full-2026-04-06-000104.zip,307154977,t,t,,never_tested,f,103,,f,,2026-04-06 00:00:02,2026-04-06 00:01:45,,0,0,F
382,17,1,dropbox,full,scheduled,completed,v2-zip,georgianaungureanu.ro/georgianaungureanu.ro-full-2026-04-06-000402.zip,679548484,t,f,,never_tested,f,274,,f,,2026-04-06 00:00:59,2026-04-06 00:05:33,,1,1,B
383,18,1,dropbox,full,scheduled,completed,v2-zip,hotelsimonahalep.ro/hotelsimonahalep.ro-full-2026-04-06-000244.zip,474479351,t,t,,never_tested,f,120,,f,,2026-04-06 00:01:50,2026-04-06 00:03:50,,0,0,F
384,19,1,dropbox,full,scheduled,completed,v2-zip,manuelasirbu.ro/manuelasirbu.ro-full-2026-04-06-000502.zip,255457139,t,t,,never_tested,f,104,,f,,2026-04-06 00:03:54,2026-04-06 00:05:38,,0,0,F
385,22,1,dropbox,full,scheduled,completed,v2-zip,pallady.ichb.ro/pallady.ichb.ro-full-2026-04-06-000818.zip,986183369,t,t,,never_tested,f,303,,f,,2026-04-06 00:05:39,2026-04-06 00:10:42,,0,0,F
387,25,1,dropbox,full,scheduled,completed,v2-zip,premiumstone.ro/premiumstone.ro-full-2026-04-06-001008.zip,204619997,t,t,,never_tested,f,110,,f,,2026-04-06 00:08:48,2026-04-06 00:10:38,,0,0,F
388,27,1,dropbox,full,scheduled,completed,v2-zip,paulardeleanu.ro/paulardeleanu.ro-full-2026-04-06-001739.zip,3172928107,t,t,,never_tested,f,835,,f,,2026-04-06 00:10:42,2026-04-06 00:24:37,,0,0,F
389,28,1,dropbox,full,scheduled,completed,v2-zip,metabolika.ro/metabolika.ro-full-2026-04-06-001159.zip,538999308,t,t,,never_tested,f,145,,f,,2026-04-06 00:10:48,2026-04-06 00:13:13,,0,0,F
390,29,1,dropbox,full,scheduled,completed,v2-zip,marketingdeck.com/marketingdeck.com-full-2026-04-06-001350.zip,586561401,t,t,,never_tested,f,149,,f,,2026-04-06 00:12:39,2026-04-06 00:15:08,,0,0,F
391,16,1,dropbox,full,scheduled,completed,v2-zip,priority-clinic.ro/priority-clinic.ro-full-2026-04-06-001557.zip,1712294322,t,t,,never_tested,f,394,,f,,2026-04-06 00:13:18,2026-04-06 00:19:52,,0,0,F
392,33,1,dropbox,full,scheduled,completed,v2-zip,ehvac.ro/ehvac.ro-full-2026-04-06-002524.zip,904233847,t,t,,never_tested,f,734,,f,,2026-04-06 00:15:12,2026-04-06 00:27:26,,0,0,F
393,17,1,dropbox,full,scheduled,completed,v2-zip,georgianaungureanu.ro/georgianaungureanu.ro-full-2026-04-06-010548.zip,679564066,t,f,,never_tested,f,280,,f,,2026-04-06 01:02:39,2026-04-06 01:07:19,,1,1,B
394,26,1,dropbox,full,scheduled,completed,v2-zip,simplead.ro/simplead.ro-full-2026-04-06-030047.zip,235305072,t,t,,never_tested,f,79,,f,,2026-04-06 03:00:00,2026-04-06 03:01:19,,0,0,F
395,32,1,dropbox,full,scheduled,completed,v2-zip,feaagalati.ro/feaagalati.ro-full-2026-04-06-030048.zip,139472769,t,t,,never_tested,f,70,,f,,2026-04-06 03:00:00,2026-04-06 03:01:10,,0,0,F
398,12,1,dropbox,full,scheduled,completed,v2-zip,matematica-interactiva.ro/matematica-interactiva.ro-full-2026-04-07-000631.zip,857841687,t,t,,never_tested,f,508,,f,,2026-04-07 00:00:02,2026-04-07 00:08:30,,0,0,F
399,13,1,dropbox,incremental,scheduled,completed,v2-zip,fastrackids.ro/fastrackids.ro-incremental-2026-04-07-000050.zip,68793728,t,t,380,never_tested,f,62,,f,,2026-04-07 00:00:02,2026-04-07 00:01:04,,0,0,F
400,15,1,dropbox,full,scheduled,completed,v2-zip,rollshape.ro/rollshape.ro-full-2026-04-07-000106.zip,307367131,t,t,,never_tested,f,106,,f,,2026-04-07 00:00:03,2026-04-07 00:01:49,,0,0,F
401,17,1,dropbox,full,scheduled,completed,v2-zip,georgianaungureanu.ro/georgianaungureanu.ro-full-2026-04-07-000411.zip,679847238,t,f,,never_tested,f,280,,f,,2026-04-07 00:01:09,2026-04-07 00:05:49,,1,1,B
402,18,1,dropbox,full,scheduled,completed,v2-zip,hotelsimonahalep.ro/hotelsimonahalep.ro-full-2026-04-07-000249.zip,474471598,t,t,,never_tested,f,122,,f,,2026-04-07 00:01:55,2026-04-07 00:03:57,,0,0,F
403,19,1,dropbox,full,scheduled,completed,v2-zip,manuelasirbu.ro/manuelasirbu.ro-full-2026-04-07-000511.zip,255671235,t,t,,never_tested,f,110,,f,,2026-04-07 00:04:01,2026-04-07 00:05:51,,0,0,F
404,22,1,dropbox,full,scheduled,completed,v2-zip,pallady.ichb.ro/pallady.ichb.ro-full-2026-04-07-000947.zip,986242465,t,t,,never_tested,f,369,,f,,2026-04-07 00:05:56,2026-04-07 00:12:05,,0,0,F
406,25,1,dropbox,full,scheduled,completed,v2-zip,premiumstone.ro/premiumstone.ro-full-2026-04-07-001005.zip,204388688,t,t,,never_tested,f,114,,f,,2026-04-07 00:08:41,2026-04-07 00:10:35,,0,0,F
407,27,1,dropbox,full,scheduled,completed,v2-zip,paulardeleanu.ro/paulardeleanu.ro-full-2026-04-07-001736.zip,3173173224,t,t,,never_tested,f,864,,f,,2026-04-07 00:10:40,2026-04-07 00:25:04,,0,0,F
408,28,1,dropbox,full,scheduled,completed,v2-zip,metabolika.ro/metabolika.ro-full-2026-04-07-001326.zip,539001291,t,t,,never_tested,f,160,,f,,2026-04-07 00:12:12,2026-04-07 00:14:52,,0,0,F
409,29,1,dropbox,full,scheduled,completed,v2-zip,marketingdeck.com/marketingdeck.com-full-2026-04-07-001407.zip,587020577,t,t,,never_tested,f,156,,f,,2026-04-07 00:12:56,2026-04-07 00:15:32,,0,0,F
411,33,1,dropbox,full,scheduled,completed,v2-zip,ehvac.ro/ehvac.ro-full-2026-04-07-002637.zip,905437152,t,t,,never_tested,f,782,,f,,2026-04-07 00:15:36,2026-04-07 00:28:38,,0,0,F
412,17,1,dropbox,full,scheduled,completed,v2-zip,georgianaungureanu.ro/georgianaungureanu.ro-full-2026-04-07-010555.zip,679870945,t,f,,never_tested,f,320,,f,,2026-04-07 01:02:50,2026-04-07 01:08:10,,1,1,B
413,16,1,dropbox,full,scheduled,completed,v2-zip,priority-clinic.ro/priority-clinic.ro-full-2026-04-07-011917.zip,1712608671,t,t,,never_tested,f,498,,f,,2026-04-07 01:16:38,2026-04-07 01:24:56,,0,0,F
414,26,1,dropbox,full,scheduled,completed,v2-zip,simplead.ro/simplead.ro-full-2026-04-07-030045.zip,235330516,t,t,,never_tested,f,89,,f,,2026-04-07 03:00:01,2026-04-07 03:01:30,,0,0,F
415,32,1,dropbox,full,scheduled,completed,v2-zip,feaagalati.ro/feaagalati.ro-full-2026-04-07-030047.zip,139483060,t,t,,never_tested,f,71,,f,,2026-04-07 03:00:02,2026-04-07 03:01:13,,0,0,F
418,12,1,dropbox,full,scheduled,completed,v2-zip,matematica-interactiva.ro/matematica-interactiva.ro-full-2026-04-08-000637.zip,857847615,t,t,,never_tested,f,521,,f,,2026-04-08 00:00:01,2026-04-08 00:08:42,,0,0,F
419,13,1,dropbox,incremental,scheduled,completed,v2-zip,fastrackids.ro/fastrackids.ro-incremental-2026-04-08-000045.zip,68804426,t,t,399,never_tested,f,58,,f,,2026-04-08 00:00:01,2026-04-08 00:00:59,,0,0,F
420,15,1,dropbox,full,scheduled,completed,v2-zip,rollshape.ro/rollshape.ro-full-2026-04-08-000104.zip,307573060,t,t,,never_tested,f,106,,f,,2026-04-08 00:00:02,2026-04-08 00:01:48,,0,0,F
421,17,1,dropbox,full,scheduled,completed,v2-zip,georgianaungureanu.ro/georgianaungureanu.ro-full-2026-04-08-000406.zip,680124775,t,f,,never_tested,f,276,,f,,2026-04-08 00:01:04,2026-04-08 00:05:40,,1,1,B
422,18,1,dropbox,full,scheduled,completed,v2-zip,hotelsimonahalep.ro/hotelsimonahalep.ro-full-2026-04-08-000249.zip,474477100,t,t,,never_tested,f,117,,f,,2026-04-08 00:01:54,2026-04-08 00:03:51,,0,0,F
423,19,1,dropbox,full,scheduled,completed,v2-zip,manuelasirbu.ro/manuelasirbu.ro-full-2026-04-08-000503.zip,255887393,t,t,,never_tested,f,106,,f,,2026-04-08 00:03:55,2026-04-08 00:05:41,,0,0,F
424,22,1,dropbox,full,scheduled,completed,v2-zip,pallady.ichb.ro/pallady.ichb.ro-full-2026-04-08-000829.zip,986251361,t,t,,never_tested,f,305,,f,,2026-04-08 00:05:47,2026-04-08 00:10:52,,0,0,F
426,25,1,dropbox,full,scheduled,completed,v2-zip,premiumstone.ro/premiumstone.ro-full-2026-04-08-001018.zip,204312502,t,t,,never_tested,f,114,,f,,2026-04-08 00:08:53,2026-04-08 00:10:47,,0,0,F
427,27,1,dropbox,full,scheduled,completed,v2-zip,paulardeleanu.ro/paulardeleanu.ro-full-2026-04-08-001752.zip,3173187071,t,t,,never_tested,f,845,,f,,2026-04-08 00:10:52,2026-04-08 00:24:57,,0,0,F
428,28,1,dropbox,full,scheduled,completed,v2-zip,metabolika.ro/metabolika.ro-full-2026-04-08-001209.zip,539004313,t,t,,never_tested,f,146,,f,,2026-04-08 00:10:58,2026-04-08 00:13:24,,0,0,F
429,29,1,dropbox,full,scheduled,completed,v2-zip,marketingdeck.com/marketingdeck.com-full-2026-04-08-001355.zip,587012095,t,t,,never_tested,f,151,,f,,2026-04-08 00:12:44,2026-04-08 00:15:15,,0,0,F
431,33,1,dropbox,full,scheduled,completed,v2-zip,ehvac.ro/ehvac.ro-full-2026-04-08-002557.zip,906676559,t,t,,never_tested,f,760,,f,,2026-04-08 00:15:20,2026-04-08 00:28:00,,0,0,F
432,17,1,dropbox,full,scheduled,completed,v2-zip,georgianaungureanu.ro/georgianaungureanu.ro-full-2026-04-08-010550.zip,680145425,t,f,,never_tested,f,277,,f,,2026-04-08 01:02:44,2026-04-08 01:07:21,,1,1,B
433,16,1,dropbox,full,scheduled,completed,v2-zip,priority-clinic.ro/priority-clinic.ro-full-2026-04-08-011750.zip,1712963730,t,t,,never_tested,f,388,,f,,2026-04-08 01:15:11,2026-04-08 01:21:39,,0,0,F
434,26,1,dropbox,full,scheduled,completed,v2-zip,simplead.ro/simplead.ro-full-2026-04-08-030045.zip,235326109,t,t,,never_tested,f,76,,f,,2026-04-08 03:00:00,2026-04-08 03:01:16,,0,0,F
435,32,1,dropbox,full,scheduled,completed,v2-zip,feaagalati.ro/feaagalati.ro-full-2026-04-08-030044.zip,139467120,t,t,,never_tested,f,64,,f,,2026-04-08 03:00:01,2026-04-08 03:01:05,,0,0,F
438,13,1,dropbox,incremental,scheduled,completed,v2-zip,fastrackids.ro/fastrackids.ro-incremental-2026-04-09-000047.zip,68940084,t,t,419,never_tested,f,67,,f,,2026-04-09 00:00:01,2026-04-09 00:01:08,,0,0,F
439,12,1,dropbox,full,scheduled,completed,v2-zip,matematica-interactiva.ro/matematica-interactiva.ro-full-2026-04-09-000626.zip,857891542,t,t,,never_tested,f,549,,f,,2026-04-09 00:00:01,2026-04-09 00:09:10,,0,0,F
440,15,1,dropbox,full,scheduled,completed,v2-zip,rollshape.ro/rollshape.ro-full-2026-04-09-000105.zip,307792528,t,t,,never_tested,f,116,,f,,2026-04-09 00:00:01,2026-04-09 00:01:57,,0,0,F
441,17,1,dropbox,full,scheduled,completed,v2-zip,georgianaungureanu.ro/georgianaungureanu.ro-full-2026-04-09-000417.zip,680420847,t,f,,never_tested,f,316,,f,,2026-04-09 00:01:13,2026-04-09 00:06:29,,1,1,B
442,18,1,dropbox,full,scheduled,completed,v2-zip,hotelsimonahalep.ro/hotelsimonahalep.ro-full-2026-04-09-000259.zip,474483864,t,t,,never_tested,f,175,,f,,2026-04-09 00:02:04,2026-04-09 00:04:59,,0,0,F
443,19,1,dropbox,full,scheduled,completed,v2-zip,manuelasirbu.ro/manuelasirbu.ro-full-2026-04-09-000614.zip,256123639,t,t,,never_tested,f,123,,f,,2026-04-09 00:05:02,2026-04-09 00:07:05,,0,0,F
446,25,1,dropbox,full,scheduled,completed,v2-zip,premiumstone.ro/premiumstone.ro-full-2026-04-09-001050.zip,204562045,t,t,,never_tested,f,124,,f,,2026-04-09 00:09:25,2026-04-09 00:11:29,,0,0,F
447,27,1,dropbox,full,scheduled,completed,v2-zip,paulardeleanu.ro/paulardeleanu.ro-full-2026-04-09-001829.zip,3173193263,t,t,,never_tested,f,1003,,f,,2026-04-09 00:11:34,2026-04-09 00:28:17,,0,0,F
448,28,1,dropbox,full,scheduled,completed,v2-zip,metabolika.ro/metabolika.ro-full-2026-04-09-001332.zip,539015803,t,t,,never_tested,f,188,,f,,2026-04-09 00:12:21,2026-04-09 00:15:29,,0,0,F
449,29,1,dropbox,full,scheduled,completed,v2-zip,marketingdeck.com/marketingdeck.com-full-2026-04-09-001332.zip,587260350,t,t,,never_tested,f,198,,f,,2026-04-09 00:12:21,2026-04-09 00:15:39,,0,0,F
450,16,1,dropbox,full,scheduled,completed,v2-zip,priority-clinic.ro/priority-clinic.ro-full-2026-04-09-001817.zip,1713256849,t,t,,never_tested,f,483,,f,,2026-04-09 00:15:36,2026-04-09 00:23:39,,0,0,F
451,33,1,dropbox,full,scheduled,completed,v2-zip,ehvac.ro/ehvac.ro-full-2026-04-09-002613.zip,906824363,t,t,,never_tested,f,788,,f,,2026-04-09 00:15:45,2026-04-09 00:28:53,,0,0,F
452,22,1,dropbox,full,scheduled,completed,v2-zip,pallady.ichb.ro/pallady.ichb.ro-full-2026-04-09-002625.zip,986527516,t,t,,never_tested,f,337,,f,,2026-04-09 00:23:46,2026-04-09 00:29:23,,0,0,F
454,17,1,dropbox,full,scheduled,completed,v2-zip,georgianaungureanu.ro/georgianaungureanu.ro-full-2026-04-09-010559.zip,680440477,t,f,,never_tested,f,292,,f,,2026-04-09 01:02:53,2026-04-09 01:07:45,,1,1,B
455,26,1,dropbox,full,scheduled,completed,v2-zip,simplead.ro/simplead.ro-full-2026-04-09-030046.zip,235335809,t,t,,never_tested,f,81,,f,,2026-04-09 03:00:01,2026-04-09 03:01:22,,0,0,F
457,32,1,dropbox,full,scheduled,completed,v2-zip,feaagalati.ro/feaagalati.ro-full-2026-04-09-030048.zip,139479957,t,t,,never_tested,f,67,,f,,2026-04-09 03:00:03,2026-04-09 03:01:10,,0,0,F
459,26,1,dropbox,full,scheduled,completed,v2-zip,simplead.ro/simplead.ro-full-2026-04-10-072446.zip,235336473,t,t,,never_tested,f,83,,f,,2026-04-10 07:24:01,2026-04-10 07:25:24,,0,0,F
460,12,1,dropbox,full,scheduled,completed,v2-zip,matematica-interactiva.ro/matematica-interactiva.ro-full-2026-04-10-072958.zip,857896727,t,t,,never_tested,f,526,,f,,2026-04-10 07:24:02,2026-04-10 07:32:48,,0,0,F
461,13,1,dropbox,incremental,scheduled,completed,v2-zip,fastrackids.ro/fastrackids.ro-incremental-2026-04-10-072446.zip,69002257,t,t,438,never_tested,f,57,,f,,2026-04-10 07:24:02,2026-04-10 07:24:59,,0,0,F
462,15,1,dropbox,full,scheduled,completed,v2-zip,rollshape.ro/rollshape.ro-full-2026-04-10-072607.zip,308083930,t,t,,never_tested,f,106,,f,,2026-04-10 07:25:03,2026-04-10 07:26:49,,0,0,F
463,17,1,dropbox,full,scheduled,completed,v2-zip,georgianaungureanu.ro/georgianaungureanu.ro-full-2026-04-10-072842.zip,680829172,t,f,,never_tested,f,287,,f,,2026-04-10 07:25:35,2026-04-10 07:30:22,,1,1,B
464,18,1,dropbox,full,scheduled,completed,v2-zip,hotelsimonahalep.ro/hotelsimonahalep.ro-full-2026-04-10-072752.zip,474531741,t,t,,never_tested,f,125,,f,,2026-04-10 07:26:56,2026-04-10 07:29:01,,0,0,F
465,19,1,dropbox,full,scheduled,completed,v2-zip,manuelasirbu.ro/manuelasirbu.ro-full-2026-04-10-073017.zip,256424808,t,t,,never_tested,f,129,,f,,2026-04-10 07:29:05,2026-04-10 07:31:14,,0,0,F
466,22,1,dropbox,full,scheduled,completed,v2-zip,pallady.ichb.ro/pallady.ichb.ro-full-2026-04-10-073322.zip,986596277,t,t,,never_tested,f,328,,f,,2026-04-10 07:30:29,2026-04-10 07:35:57,,0,0,F
467,25,1,dropbox,full,scheduled,completed,v2-zip,premiumstone.ro/premiumstone.ro-full-2026-04-10-073244.zip,205053334,t,t,,never_tested,f,134,,f,,2026-04-10 07:31:20,2026-04-10 07:33:34,,0,0,F
468,27,1,dropbox,full,scheduled,completed,v2-zip,paulardeleanu.ro/paulardeleanu.ro-full-2026-04-10-073949.zip,3173649239,t,t,,never_tested,f,1049,,f,,2026-04-10 07:33:00,2026-04-10 07:50:29,,0,0,F
469,28,1,dropbox,full,scheduled,completed,v2-zip,metabolika.ro/metabolika.ro-full-2026-04-10-073449.zip,539020247,t,t,,never_tested,f,143,,f,,2026-04-10 07:33:40,2026-04-10 07:36:03,,0,0,F
470,29,1,dropbox,full,scheduled,completed,v2-zip,marketingdeck.com/marketingdeck.com-full-2026-04-10-073716.zip,587258742,t,t,,never_tested,f,195,,f,,2026-04-10 07:36:05,2026-04-10 07:39:20,,0,0,F
471,16,1,dropbox,full,scheduled,completed,v2-zip,priority-clinic.ro/priority-clinic.ro-full-2026-04-10-073851.zip,1713583742,t,t,,never_tested,f,464,,f,,2026-04-10 07:36:09,2026-04-10 07:43:53,,0,0,F
472,32,1,dropbox,full,scheduled,completed,v2-zip,feaagalati.ro/feaagalati.ro-full-2026-04-10-074010.zip,139467358,t,t,,never_tested,f,70,,f,,2026-04-10 07:39:25,2026-04-10 07:40:35,,0,0,F
473,33,1,dropbox,full,scheduled,completed,v2-zip,ehvac.ro/ehvac.ro-full-2026-04-10-075057.zip,904364060,t,t,,never_tested,f,796,,f,,2026-04-10 07:40:40,2026-04-10 07:53:56,,0,0,F
474,17,1,dropbox,full,scheduled,completed,v2-zip,georgianaungureanu.ro/georgianaungureanu.ro-full-2026-04-10-083024.zip,680844950,t,f,,never_tested,f,344,,f,,2026-04-10 08:27:15,2026-04-10 08:32:59,,1,1,B
475,12,1,dropbox,full,scheduled,completed,v2-zip,matematica-interactiva.ro/matematica-interactiva.ro-full-2026-04-11-000600.zip,857110104,t,t,,never_tested,f,505,,f,,2026-04-11 00:00:00,2026-04-11 00:08:25,,0,0,F
476,13,1,dropbox,incremental,scheduled,completed,v2-zip,fastrackids.ro/fastrackids.ro-incremental-2026-04-11-000045.zip,68434745,t,t,461,failed,f,68,,f,,2026-04-11 00:00:00,2026-04-11 00:01:08,,0,0,F
477,15,1,dropbox,full,scheduled,completed,v2-zip,rollshape.ro/rollshape.ro-full-2026-04-11-000104.zip,308221083,t,t,,never_tested,f,112,,f,,2026-04-11 00:00:01,2026-04-11 00:01:53,,0,0,F
478,17,1,dropbox,full,scheduled,completed,v2-zip,georgianaungureanu.ro/georgianaungureanu.ro-full-2026-04-11-000419.zip,680994794,t,f,,never_tested,f,290,,f,,2026-04-11 00:01:13,2026-04-11 00:06:03,,1,1,B
479,18,1,dropbox,full,scheduled,completed,v2-zip,hotelsimonahalep.ro/hotelsimonahalep.ro-full-2026-04-11-000254.zip,474497172,t,t,,never_tested,f,147,,f,,2026-04-11 00:02:00,2026-04-11 00:04:27,,0,0,F
480,19,1,dropbox,full,scheduled,completed,v2-zip,manuelasirbu.ro/manuelasirbu.ro-full-2026-04-11-000541.zip,256551400,t,t,,never_tested,f,108,,f,,2026-04-11 00:04:32,2026-04-11 00:06:20,,0,0,F
481,22,1,dropbox,full,scheduled,completed,v2-zip,pallady.ichb.ro/pallady.ichb.ro-full-2026-04-11-000849.zip,986488260,t,t,,never_tested,f,354,,f,,2026-04-11 00:06:10,2026-04-11 00:12:04,,0,0,F
482,25,1,dropbox,full,scheduled,completed,v2-zip,premiumstone.ro/premiumstone.ro-full-2026-04-11-000752.zip,204232226,t,t,,never_tested,f,112,,f,,2026-04-11 00:06:29,2026-04-11 00:08:21,,0,0,F
483,27,1,dropbox,full,scheduled,completed,v2-zip,paulardeleanu.ro/paulardeleanu.ro-full-2026-04-11-001515.zip,3173289933,t,t,,never_tested,f,1016,,f,,2026-04-11 00:08:27,2026-04-11 00:25:23,,0,0,F
484,28,1,dropbox,full,scheduled,completed,v2-zip,metabolika.ro/metabolika.ro-full-2026-04-11-000944.zip,538960164,t,t,,never_tested,f,203,,f,,2026-04-11 00:08:35,2026-04-11 00:11:58,,0,0,F
485,29,1,dropbox,full,scheduled,completed,v2-zip,marketingdeck.com/marketingdeck.com-full-2026-04-11-001317.zip,587142331,t,t,,never_tested,f,159,,f,,2026-04-11 00:12:06,2026-04-11 00:14:45,,0,0,F
486,16,1,dropbox,full,scheduled,completed,v2-zip,priority-clinic.ro/priority-clinic.ro-full-2026-04-11-001453.zip,1713630425,t,t,,never_tested,f,494,,f,,2026-04-11 00:12:13,2026-04-11 00:20:27,,0,0,F
488,33,1,dropbox,full,scheduled,completed,v2-zip,ehvac.ro/ehvac.ro-full-2026-04-11-003754.zip,905416789,t,t,,never_tested,f,771,,f,,2026-04-11 00:27:52,2026-04-11 00:40:43,,0,0,F
489,17,1,dropbox,full,scheduled,completed,v2-zip,georgianaungureanu.ro/georgianaungureanu.ro-full-2026-04-11-010558.zip,681015965,t,f,,never_tested,f,291,,f,,2026-04-11 01:02:53,2026-04-11 01:07:44,,1,1,B
490,26,1,dropbox,full,scheduled,completed,v2-zip,simplead.ro/simplead.ro-full-2026-04-11-030044.zip,233204952,t,t,,never_tested,f,85,,f,,2026-04-11 03:00:01,2026-04-11 03:01:26,,0,0,F
491,32,1,dropbox,full,scheduled,completed,v2-zip,feaagalati.ro/feaagalati.ro-full-2026-04-11-030046.zip,139476340,t,t,,never_tested,f,71,,f,,2026-04-11 03:00:02,2026-04-11 03:01:13,,0,0,F
492,12,1,dropbox,full,scheduled,completed,v2-zip,matematica-interactiva.ro/matematica-interactiva.ro-full-2026-04-12-000612.zip,857056885,t,t,,never_tested,f,495,,f,,2026-04-12 00:00:00,2026-04-12 00:08:15,,0,0,F
493,13,1,dropbox,full,scheduled,completed,v2-zip,fastrackids.ro/fastrackids.ro-full-2026-04-12-000224.zip,1512221275,t,t,,never_tested,f,365,,f,,2026-04-12 00:00:01,2026-04-12 00:06:06,,0,0,F
494,15,1,dropbox,full,scheduled,completed,v2-zip,rollshape.ro/rollshape.ro-full-2026-04-12-000105.zip,309540569,t,t,,never_tested,f,112,,f,,2026-04-12 00:00:01,2026-04-12 00:01:53,,0,0,F
495,17,1,dropbox,full,scheduled,completed,v2-zip,georgianaungureanu.ro/georgianaungureanu.ro-full-2026-04-12-000512.zip,681264608,t,f,,never_tested,f,289,,f,,2026-04-12 00:02:00,2026-04-12 00:06:49,,1,1,B
496,18,1,dropbox,full,scheduled,completed,v2-zip,hotelsimonahalep.ro/hotelsimonahalep.ro-full-2026-04-12-000713.zip,474469829,t,t,,never_tested,f,122,,f,,2026-04-12 00:06:17,2026-04-12 00:08:19,,0,0,F
497,19,1,dropbox,full,scheduled,completed,v2-zip,manuelasirbu.ro/manuelasirbu.ro-full-2026-04-12-000808.zip,256756924,t,t,,never_tested,f,113,,f,,2026-04-12 00:06:56,2026-04-12 00:08:49,,0,0,F
498,22,1,dropbox,full,scheduled,completed,v2-zip,pallady.ichb.ro/pallady.ichb.ro-full-2026-04-12-001231.zip,986577385,t,t,,never_tested,f,390,,f,,2026-04-12 00:08:24,2026-04-12 00:14:54,,0,0,F
499,25,1,dropbox,full,scheduled,completed,v2-zip,premiumstone.ro/premiumstone.ro-full-2026-04-12-000953.zip,204334160,t,t,,never_tested,f,114,,f,,2026-04-12 00:08:29,2026-04-12 00:10:23,,0,0,F
500,27,1,dropbox,full,scheduled,completed,v2-zip,paulardeleanu.ro/paulardeleanu.ro-full-2026-04-12-001548.zip,3173483004,t,t,,never_tested,f,859,,f,,2026-04-12 00:08:57,2026-04-12 00:23:16,,0,0,F
501,28,1,dropbox,full,scheduled,completed,v2-zip,metabolika.ro/metabolika.ro-full-2026-04-12-001140.zip,539037706,t,t,,never_tested,f,148,,f,,2026-04-12 00:10:29,2026-04-12 00:12:57,,0,0,F
503,16,1,dropbox,full,scheduled,completed,v2-zip,priority-clinic.ro/priority-clinic.ro-full-2026-04-12-001724.zip,1713871479,t,t,,never_tested,f,401,,f,,2026-04-12 00:14:41,2026-04-12 00:21:22,,0,0,F
504,33,1,dropbox,full,scheduled,completed,v2-zip,ehvac.ro/ehvac.ro-full-2026-04-12-002530.zip,906733740,t,t,,never_tested,f,758,,f,,2026-04-12 00:15:02,2026-04-12 00:27:40,,0,0,F
505,17,1,dropbox,full,scheduled,completed,v2-zip,georgianaungureanu.ro/georgianaungureanu.ro-full-2026-04-12-010647.zip,681284882,t,f,,never_tested,f,281,,f,,2026-04-12 01:03:41,2026-04-12 01:08:22,,1,1,B
506,29,1,dropbox,full,scheduled,completed,v2-zip,marketingdeck.com/marketingdeck.com-full-2026-04-12-011554.zip,587324809,t,t,,never_tested,f,153,,f,,2026-04-12 01:14:44,2026-04-12 01:17:17,,0,0,F
507,26,1,dropbox,full,scheduled,completed,v2-zip,simplead.ro/simplead.ro-full-2026-04-12-030045.zip,233456358,t,t,,never_tested,f,73,,f,,2026-04-12 03:00:01,2026-04-12 03:01:14,,0,0,F
508,32,1,dropbox,full,scheduled,completed,v2-zip,feaagalati.ro/feaagalati.ro-full-2026-04-12-030047.zip,139493707,t,t,,never_tested,f,65,,f,,2026-04-12 03:00:02,2026-04-12 03:01:07,,0,0,F
510,13,1,dropbox,incremental,scheduled,completed,v2-zip,fastrackids.ro/fastrackids.ro-incremental-2026-04-13-000047.zip,68717204,t,t,493,never_tested,f,61,,f,,2026-04-13 00:00:02,2026-04-13 00:01:03,,0,0,F
511,15,1,dropbox,full,scheduled,completed,v2-zip,rollshape.ro/rollshape.ro-full-2026-04-13-000106.zip,309751602,t,t,,never_tested,f,111,,f,,2026-04-13 00:00:02,2026-04-13 00:01:53,,0,0,F
512,17,1,dropbox,full,scheduled,completed,v2-zip,georgianaungureanu.ro/georgianaungureanu.ro-full-2026-04-13-000412.zip,681524722,t,f,,never_tested,f,291,,f,,2026-04-13 00:01:08,2026-04-13 00:05:59,,1,1,B
513,18,1,dropbox,full,scheduled,completed,v2-zip,hotelsimonahalep.ro/hotelsimonahalep.ro-full-2026-04-13-000255.zip,474504544,t,t,,never_tested,f,132,,f,,2026-04-13 00:02:01,2026-04-13 00:04:13,,0,0,F
516,25,1,dropbox,full,scheduled,completed,v2-zip,premiumstone.ro/premiumstone.ro-full-2026-04-13-001328.zip,204116910,t,t,,never_tested,f,118,,f,,2026-04-13 00:12:03,2026-04-13 00:14:01,,0,0,F
518,28,1,dropbox,full,scheduled,completed,v2-zip,metabolika.ro/metabolika.ro-full-2026-04-13-001519.zip,539048615,t,t,,never_tested,f,153,,f,,2026-04-13 00:14:08,2026-04-13 00:16:41,,0,0,F
520,16,1,dropbox,full,scheduled,completed,v2-zip,priority-clinic.ro/priority-clinic.ro-full-2026-04-13-002009.zip,1714138374,t,t,,never_tested,f,409,,f,,2026-04-13 00:17:27,2026-04-13 00:24:16,,0,0,F
521,33,1,dropbox,full,scheduled,completed,v2-zip,ehvac.ro/ehvac.ro-full-2026-04-13-002750.zip,907877177,t,t,,never_tested,f,753,,f,,2026-04-13 00:17:27,2026-04-13 00:30:00,,0,0,F
522,12,1,dropbox,full,scheduled,completed,v2-zip,matematica-interactiva.ro/matematica-interactiva.ro-full-2026-04-13-010801.zip,857753492,t,t,,never_tested,f,504,,f,,2026-04-13 01:01:41,2026-04-13 01:10:05,,0,0,F
523,17,1,dropbox,full,scheduled,completed,v2-zip,georgianaungureanu.ro/georgianaungureanu.ro-full-2026-04-13-010602.zip,681546901,t,f,,never_tested,f,292,,f,,2026-04-13 01:02:49,2026-04-13 01:07:41,,1,1,B
524,19,1,dropbox,full,scheduled,completed,v2-zip,manuelasirbu.ro/manuelasirbu.ro-full-2026-04-13-010710.zip,257046461,t,t,,never_tested,f,112,,f,,2026-04-13 01:05:58,2026-04-13 01:07:50,,0,0,F
525,22,1,dropbox,full,scheduled,completed,v2-zip,pallady.ichb.ro/pallady.ichb.ro-full-2026-04-13-011621.zip,986654463,t,t,,never_tested,f,300,,f,,2026-04-13 01:13:41,2026-04-13 01:18:41,,0,0,F
527,29,1,dropbox,full,scheduled,completed,v2-zip,marketingdeck.com/marketingdeck.com-full-2026-04-13-011940.zip,587503621,t,t,,never_tested,f,154,,f,,2026-04-13 01:18:31,2026-04-13 01:21:05,,0,0,F
528,26,1,dropbox,full,scheduled,completed,v2-zip,simplead.ro/simplead.ro-full-2026-04-13-030045.zip,233533013,t,t,,never_tested,f,88,,f,,2026-04-13 03:00:00,2026-04-13 03:01:28,,0,0,F
529,32,1,dropbox,full,scheduled,completed,v2-zip,feaagalati.ro/feaagalati.ro-full-2026-04-13-030048.zip,139487146,t,t,,never_tested,f,66,,f,,2026-04-13 03:00:02,2026-04-13 03:01:08,,0,0,F
530,12,1,dropbox,full,scheduled,completed,v2-zip,matematica-interactiva.ro/matematica-interactiva.ro-full-2026-04-14-000641.zip,857852756,t,t,,never_tested,f,527,,f,,2026-04-14 00:00:00,2026-04-14 00:08:47,,0,0,F
531,13,1,dropbox,incremental,scheduled,completed,v2-zip,fastrackids.ro/fastrackids.ro-incremental-2026-04-14-000044.zip,69228434,t,t,510,never_tested,f,59,,f,,2026-04-14 00:00:00,2026-04-14 00:00:59,,0,0,F
532,15,1,dropbox,full,scheduled,completed,v2-zip,rollshape.ro/rollshape.ro-full-2026-04-14-000107.zip,309936287,t,t,,never_tested,f,114,,f,,2026-04-14 00:00:03,2026-04-14 00:01:57,,0,0,F
533,17,1,dropbox,full,scheduled,completed,v2-zip,georgianaungureanu.ro/georgianaungureanu.ro-full-2026-04-14-000411.zip,681797209,t,f,,never_tested,f,288,,f,,2026-04-14 00:01:04,2026-04-14 00:05:52,,1,1,B
534,18,1,dropbox,full,scheduled,completed,v2-zip,hotelsimonahalep.ro/hotelsimonahalep.ro-full-2026-04-14-000300.zip,474514589,t,t,,never_tested,f,123,,f,,2026-04-14 00:02:05,2026-04-14 00:04:08,,0,0,F
535,19,1,dropbox,full,scheduled,completed,v2-zip,manuelasirbu.ro/manuelasirbu.ro-full-2026-04-14-000524.zip,257209527,t,t,,never_tested,f,108,,f,,2026-04-14 00:04:14,2026-04-14 00:06:02,,0,0,F
536,22,1,dropbox,full,scheduled,completed,v2-zip,pallady.ichb.ro/pallady.ichb.ro-full-2026-04-14-001008.zip,986669619,t,t,,never_tested,f,400,,f,,2026-04-14 00:05:59,2026-04-14 00:12:39,,0,0,F
537,25,1,dropbox,full,scheduled,completed,v2-zip,premiumstone.ro/premiumstone.ro-full-2026-04-14-000732.zip,206278228,t,t,,never_tested,f,114,,f,,2026-04-14 00:06:10,2026-04-14 00:08:04,,0,0,F
538,27,1,dropbox,full,scheduled,completed,v2-zip,paulardeleanu.ro/paulardeleanu.ro-full-2026-04-14-001458.zip,3173524899,t,t,,never_tested,f,871,,f,,2026-04-14 00:08:11,2026-04-14 00:22:42,,0,0,F
539,28,1,dropbox,full,scheduled,completed,v2-zip,metabolika.ro/metabolika.ro-full-2026-04-14-001012.zip,539055705,t,t,,never_tested,f,153,,f,,2026-04-14 00:09:03,2026-04-14 00:11:36,,0,0,F
541,16,1,dropbox,full,scheduled,completed,v2-zip,priority-clinic.ro/priority-clinic.ro-full-2026-04-14-001529.zip,1714322482,t,t,,never_tested,f,411,,f,,2026-04-14 00:12:47,2026-04-14 00:19:38,,0,0,F
542,33,1,dropbox,full,scheduled,completed,v2-zip,ehvac.ro/ehvac.ro-full-2026-04-14-002323.zip,907277305,t,t,,never_tested,f,738,,f,,2026-04-14 00:13:12,2026-04-14 00:25:30,,0,0,F
543,17,1,dropbox,full,scheduled,completed,v2-zip,georgianaungureanu.ro/georgianaungureanu.ro-full-2026-04-14-010554.zip,681824199,t,f,,never_tested,f,284,,f,,2026-04-14 01:02:45,2026-04-14 01:07:29,,1,1,B
544,29,1,dropbox,full,scheduled,completed,v2-zip,marketingdeck.com/marketingdeck.com-full-2026-04-14-011436.zip,587430014,t,t,,never_tested,f,150,,f,,2026-04-14 01:13:25,2026-04-14 01:15:55,,0,0,F
545,26,1,dropbox,full,scheduled,completed,v2-zip,simplead.ro/simplead.ro-full-2026-04-14-030046.zip,233517735,t,t,,never_tested,f,75,,f,,2026-04-14 03:00:02,2026-04-14 03:01:17,,0,0,F
546,32,1,dropbox,full,scheduled,completed,v2-zip,feaagalati.ro/feaagalati.ro-full-2026-04-14-030049.zip,139487616,t,t,,never_tested,f,66,,f,,2026-04-14 03:00:02,2026-04-14 03:01:08,,0,0,F
547,12,1,dropbox,full,scheduled,completed,v2-zip,matematica-interactiva.ro/matematica-interactiva.ro-full-2026-04-15-000642.zip,857868466,t,t,,never_tested,f,527,,f,,2026-04-15 00:00:01,2026-04-15 00:08:48,,0,0,F
548,13,1,dropbox,incremental,scheduled,completed,v2-zip,fastrackids.ro/fastrackids.ro-incremental-2026-04-15-000046.zip,68927397,t,t,531,never_tested,f,60,,f,,2026-04-15 00:00:02,2026-04-15 00:01:02,,0,0,F
549,15,1,dropbox,full,scheduled,completed,v2-zip,rollshape.ro/rollshape.ro-full-2026-04-15-000107.zip,310146420,t,t,,never_tested,f,112,,f,,2026-04-15 00:00:02,2026-04-15 00:01:54,,0,0,F
550,17,1,dropbox,full,scheduled,completed,v2-zip,georgianaungureanu.ro/georgianaungureanu.ro-full-2026-04-15-000413.zip,682057251,t,f,,never_tested,f,284,,f,,2026-04-15 00:01:08,2026-04-15 00:05:52,,1,1,B
551,18,1,dropbox,full,scheduled,completed,v2-zip,hotelsimonahalep.ro/hotelsimonahalep.ro-full-2026-04-15-000258.zip,474496912,t,t,,never_tested,f,123,,f,,2026-04-15 00:02:04,2026-04-15 00:04:07,,0,0,F
552,19,1,dropbox,full,scheduled,completed,v2-zip,manuelasirbu.ro/manuelasirbu.ro-full-2026-04-15-000527.zip,257432556,t,t,,never_tested,f,110,,f,,2026-04-15 00:04:14,2026-04-15 00:06:04,,0,0,F
553,22,1,dropbox,full,scheduled,completed,v2-zip,pallady.ichb.ro/pallady.ichb.ro-full-2026-04-15-000842.zip,986710274,t,t,,never_tested,f,303,,f,,2026-04-15 00:05:58,2026-04-15 00:11:01,,0,0,F
554,25,1,dropbox,full,scheduled,completed,v2-zip,premiumstone.ro/premiumstone.ro-full-2026-04-15-000737.zip,203846586,t,t,,never_tested,f,112,,f,,2026-04-15 00:06:13,2026-04-15 00:08:05,,0,0,F
556,28,1,dropbox,full,scheduled,completed,v2-zip,metabolika.ro/metabolika.ro-full-2026-04-15-001012.zip,539058688,t,t,,never_tested,f,150,,f,,2026-04-15 00:09:01,2026-04-15 00:11:31,,0,0,F
557,29,1,dropbox,full,scheduled,completed,v2-zip,marketingdeck.com/marketingdeck.com-full-2026-04-15-001221.zip,587934491,t,t,,never_tested,f,157,,f,,2026-04-15 00:11:11,2026-04-15 00:13:48,,0,0,F
558,16,1,dropbox,full,scheduled,completed,v2-zip,priority-clinic.ro/priority-clinic.ro-full-2026-04-15-001356.zip,1714636435,t,t,,never_tested,f,410,,f,,2026-04-15 00:11:14,2026-04-15 00:18:04,,0,0,F
559,33,1,dropbox,full,scheduled,completed,v2-zip,ehvac.ro/ehvac.ro-full-2026-04-15-002145.zip,895737741,t,t,,never_tested,f,733,,f,,2026-04-15 00:11:39,2026-04-15 00:23:52,,0,0,F
560,17,1,dropbox,full,scheduled,completed,v2-zip,georgianaungureanu.ro/georgianaungureanu.ro-full-2026-04-15-010554.zip,682127431,t,f,,never_tested,f,290,,f,,2026-04-15 01:02:48,2026-04-15 01:07:38,,1,1,B
561,27,1,dropbox,full,scheduled,completed,v2-zip,paulardeleanu.ro/paulardeleanu.ro-full-2026-04-15-011632.zip,3173846841,t,t,,never_tested,f,854,,f,,2026-04-15 01:09:53,2026-04-15 01:24:07,,0,0,F
562,26,1,dropbox,full,scheduled,completed,v2-zip,simplead.ro/simplead.ro-full-2026-04-15-030045.zip,233559447,t,t,,never_tested,f,80,,f,,2026-04-15 03:00:01,2026-04-15 03:01:21,,0,0,F
563,32,1,dropbox,full,scheduled,completed,v2-zip,feaagalati.ro/feaagalati.ro-full-2026-04-15-030045.zip,139499896,t,t,,never_tested,f,64,,f,,2026-04-15 03:00:01,2026-04-15 03:01:05,,0,0,F
564,30,1,dropbox,full,manual,cancelled,v2-zip,,,f,f,,never_tested,f,276,,f,,2026-04-15 13:26:59,2026-04-15 13:31:35,"HTTP request returned status code 500:
{""code"":""wp_die"",""message"":""<h1>Eroare la stabilirea unei conexiuni cu baza de da",,,D
566,30,1,dropbox,full,manual,cancelled,v2-zip,,,f,f,,never_tested,f,31,,f,,2026-04-15 17:16:39,2026-04-15 17:17:10,,,,D
567,30,1,dropbox,full,manual,cancelled,v2-zip,,,f,f,,never_tested,f,,,f,,2026-04-15 17:17:11,,,,,D
568,17,1,dropbox,full,scheduled,completed,v2-zip,georgianaungureanu.ro/georgianaungureanu.ro-full-2026-04-15-172258.zip,682303848,t,f,,never_tested,f,290,,f,,2026-04-15 17:19:45,2026-04-15 17:24:35,,1,1,B
570,12,1,dropbox,full,scheduled,completed,v2-zip,matematica-interactiva.ro/matematica-interactiva.ro-full-2026-04-16-000651.zip,857894102,t,t,,never_tested,f,592,,f,,2026-04-16 00:00:02,2026-04-16 00:09:54,,0,0,F
571,13,1,dropbox,incremental,scheduled,completed,v2-zip,fastrackids.ro/fastrackids.ro-incremental-2026-04-16-000049.zip,73778634,t,t,548,never_tested,f,73,,f,,2026-04-16 00:00:02,2026-04-16 00:01:15,,0,0,F
572,15,1,dropbox,full,scheduled,completed,v2-zip,rollshape.ro/rollshape.ro-full-2026-04-16-000107.zip,310359217,t,t,,never_tested,f,131,,f,,2026-04-16 00:00:03,2026-04-16 00:02:14,,0,0,F
573,17,1,dropbox,full,scheduled,completed,v2-zip,georgianaungureanu.ro/georgianaungureanu.ro-full-2026-04-16-000437.zip,682416437,t,f,,never_tested,f,331,,f,,2026-04-16 00:01:28,2026-04-16 00:06:59,,1,1,B
574,18,1,dropbox,full,scheduled,completed,v2-zip,hotelsimonahalep.ro/hotelsimonahalep.ro-full-2026-04-16-000325.zip,474515096,t,t,,never_tested,f,159,,f,,2026-04-16 00:02:28,2026-04-16 00:05:07,,0,0,F
575,19,1,dropbox,full,scheduled,completed,v2-zip,manuelasirbu.ro/manuelasirbu.ro-full-2026-04-16-000629.zip,257715042,t,t,,never_tested,f,124,,f,,2026-04-16 00:05:16,2026-04-16 00:07:20,,0,0,F
576,22,1,dropbox,full,scheduled,completed,v2-zip,pallady.ichb.ro/pallady.ichb.ro-full-2026-04-16-000953.zip,986865276,t,t,,never_tested,f,372,,f,,2026-04-16 00:07:06,2026-04-16 00:13:18,,0,0,F
577,25,1,dropbox,full,scheduled,completed,v2-zip,premiumstone.ro/premiumstone.ro-full-2026-04-16-000902.zip,203623893,t,t,,never_tested,f,133,,f,,2026-04-16 00:07:36,2026-04-16 00:09:49,,0,0,F
579,28,1,dropbox,full,scheduled,completed,v2-zip,metabolika.ro/metabolika.ro-full-2026-04-16-001130.zip,539062914,t,t,,never_tested,f,189,,f,,2026-04-16 00:10:17,2026-04-16 00:13:26,,0,0,F
580,29,1,dropbox,full,scheduled,completed,v2-zip,marketingdeck.com/marketingdeck.com-full-2026-04-16-001448.zip,587769270,t,t,,never_tested,f,195,,f,,2026-04-16 00:13:37,2026-04-16 00:16:52,,0,0,F
581,16,1,dropbox,full,scheduled,completed,v2-zip,priority-clinic.ro/priority-clinic.ro-full-2026-04-16-001620.zip,1714876768,t,t,,never_tested,f,523,,f,,2026-04-16 00:13:37,2026-04-16 00:22:20,,0,0,F
582,33,1,dropbox,full,scheduled,completed,v2-zip,ehvac.ro/ehvac.ro-full-2026-04-16-002700.zip,893609105,t,t,,never_tested,f,749,,f,,2026-04-16 00:17:04,2026-04-16 00:29:33,,0,0,F
583,17,1,dropbox,full,scheduled,completed,v2-zip,georgianaungureanu.ro/georgianaungureanu.ro-full-2026-04-16-010618.zip,682439869,t,f,,never_tested,f,288,,f,,2026-04-16 01:03:08,2026-04-16 01:07:56,,1,1,B
585,26,1,dropbox,full,scheduled,completed,v2-zip,simplead.ro/simplead.ro-full-2026-04-16-030046.zip,233564942,t,t,,never_tested,f,79,,f,,2026-04-16 03:00:02,2026-04-16 03:01:21,,0,0,F
586,32,1,dropbox,full,scheduled,completed,v2-zip,feaagalati.ro/feaagalati.ro-full-2026-04-16-030048.zip,139492490,t,t,,never_tested,f,68,,f,,2026-04-16 03:00:02,2026-04-16 03:01:10,,0,0,F
587,12,1,dropbox,full,scheduled,completed,v2-zip,matematica-interactiva.ro/matematica-interactiva.ro-full-2026-04-17-000618.zip,858085566,t,t,,never_tested,f,509,,f,,2026-04-17 00:00:00,2026-04-17 00:08:29,,0,0,F
588,13,1,dropbox,incremental,scheduled,completed,v2-zip,fastrackids.ro/fastrackids.ro-incremental-2026-04-17-000047.zip,73049796,t,t,571,never_tested,f,60,,f,,2026-04-17 00:00:01,2026-04-17 00:01:01,,0,0,F
589,15,1,dropbox,full,scheduled,completed,v2-zip,rollshape.ro/rollshape.ro-full-2026-04-17-000106.zip,310571870,t,t,,never_tested,f,114,,f,,2026-04-17 00:00:01,2026-04-17 00:01:55,,0,0,F
590,17,1,dropbox,full,scheduled,completed,v2-zip,georgianaungureanu.ro/georgianaungureanu.ro-full-2026-04-17-000416.zip,682663842,t,f,,never_tested,f,289,,f,,2026-04-17 00:01:08,2026-04-17 00:05:57,,1,1,B
591,18,1,dropbox,full,scheduled,completed,v2-zip,hotelsimonahalep.ro/hotelsimonahalep.ro-full-2026-04-17-000257.zip,474513229,t,t,,never_tested,f,123,,f,,2026-04-17 00:02:03,2026-04-17 00:04:06,,0,0,F
592,19,1,dropbox,full,scheduled,completed,v2-zip,manuelasirbu.ro/manuelasirbu.ro-full-2026-04-17-000523.zip,257921576,t,t,,never_tested,f,112,,f,,2026-04-17 00:04:12,2026-04-17 00:06:04,,0,0,F
593,22,1,dropbox,full,scheduled,completed,v2-zip,pallady.ichb.ro/pallady.ichb.ro-full-2026-04-17-001010.zip,987317333,t,t,,never_tested,f,391,,f,,2026-04-17 00:06:04,2026-04-17 00:12:35,,0,0,F
594,25,1,dropbox,full,scheduled,completed,v2-zip,premiumstone.ro/premiumstone.ro-full-2026-04-17-000740.zip,203615320,t,t,,never_tested,f,116,,f,,2026-04-17 00:06:18,2026-04-17 00:08:14,,0,0,F
596,28,1,dropbox,full,scheduled,completed,v2-zip,metabolika.ro/metabolika.ro-full-2026-04-17-000953.zip,539066470,t,t,,never_tested,f,149,,f,,2026-04-17 00:08:45,2026-04-17 00:11:14,,0,0,F
599,33,1,dropbox,full,scheduled,completed,v2-zip,ehvac.ro/ehvac.ro-full-2026-04-17-002303.zip,893794828,t,t,,never_tested,f,748,,f,,2026-04-17 00:12:46,2026-04-17 00:25:14,,0,0,F
600,17,1,dropbox,full,scheduled,completed,v2-zip,georgianaungureanu.ro/georgianaungureanu.ro-full-2026-04-17-010556.zip,682684673,t,f,,never_tested,f,287,,f,,2026-04-17 01:02:48,2026-04-17 01:07:35,,1,1,B
601,29,1,dropbox,full,scheduled,completed,v2-zip,marketingdeck.com/marketingdeck.com-full-2026-04-17-011414.zip,587771134,t,t,,never_tested,f,155,,f,,2026-04-17 01:13:03,2026-04-17 01:15:38,,0,0,F
602,26,1,dropbox,full,scheduled,completed,v2-zip,simplead.ro/simplead.ro-full-2026-04-17-030045.zip,233565870,t,t,,never_tested,f,80,,f,,2026-04-17 03:00:01,2026-04-17 03:01:21,,0,0,F
603,32,1,dropbox,full,scheduled,completed,v2-zip,feaagalati.ro/feaagalati.ro-full-2026-04-17-030045.zip,139503044,t,t,,never_tested,f,65,,f,,2026-04-17 03:00:01,2026-04-17 03:01:06,,0,0,F
604,12,1,dropbox,full,scheduled,completed,v2-zip,matematica-interactiva.ro/matematica-interactiva.ro-full-2026-04-18-000609.zip,857939477,t,t,,failed,f,498,,f,,2026-04-18 00:00:02,2026-04-18 00:08:20,,0,0,F
605,15,1,dropbox,full,scheduled,completed,v2-zip,rollshape.ro/rollshape.ro-full-2026-04-18-000108.zip,310784006,t,t,,failed,f,112,,f,,2026-04-18 00:00:02,2026-04-18 00:01:54,,0,0,F
607,17,1,dropbox,full,scheduled,completed,v2-zip,georgianaungureanu.ro/georgianaungureanu.ro-full-2026-04-18-000412.zip,682943887,t,f,,never_tested,f,289,,f,,2026-04-18 00:01:07,2026-04-18 00:05:56,,1,1,B
608,18,1,dropbox,full,scheduled,completed,v2-zip,hotelsimonahalep.ro/hotelsimonahalep.ro-full-2026-04-18-000258.zip,474513323,t,t,,never_tested,f,124,,f,,2026-04-18 00:02:03,2026-04-18 00:04:07,,0,0,F
609,19,1,dropbox,full,scheduled,completed,v2-zip,manuelasirbu.ro/manuelasirbu.ro-full-2026-04-18-000534.zip,258137358,t,t,,never_tested,f,114,,f,,2026-04-18 00:04:20,2026-04-18 00:06:14,,0,0,F
610,22,1,dropbox,full,scheduled,completed,v2-zip,pallady.ichb.ro/pallady.ichb.ro-full-2026-04-18-000844.zip,987824695,t,t,,never_tested,f,303,,f,,2026-04-18 00:06:02,2026-04-18 00:11:05,,0,0,F
611,25,1,dropbox,full,scheduled,completed,v2-zip,premiumstone.ro/premiumstone.ro-full-2026-04-18-000753.zip,205265111,t,t,,never_tested,f,117,,f,,2026-04-18 00:06:29,2026-04-18 00:08:26,,0,0,F
613,28,1,dropbox,full,scheduled,completed,v2-zip,metabolika.ro/metabolika.ro-full-2026-04-18-000948.zip,539068331,t,t,,never_tested,f,151,,f,,2026-04-18 00:08:37,2026-04-18 00:11:08,,0,0,F
616,33,1,dropbox,full,scheduled,completed,v2-zip,ehvac.ro/ehvac.ro-full-2026-04-18-002304.zip,894482253,t,t,,never_tested,f,741,,f,,2026-04-18 00:12:54,2026-04-18 00:25:15,,0,0,F
617,17,1,dropbox,full,scheduled,completed,v2-zip,georgianaungureanu.ro/georgianaungureanu.ro-full-2026-04-18-010600.zip,682969786,t,f,,never_tested,f,296,,f,,2026-04-18 01:02:47,2026-04-18 01:07:43,,1,1,B
618,29,1,dropbox,full,scheduled,completed,v2-zip,marketingdeck.com/marketingdeck.com-full-2026-04-18-011406.zip,588003355,t,t,,never_tested,f,156,,f,,2026-04-18 01:12:56,2026-04-18 01:15:32,,0,0,F
619,26,1,dropbox,full,scheduled,completed,v2-zip,simplead.ro/simplead.ro-full-2026-04-18-030044.zip,233566792,t,t,,never_tested,f,80,,f,,2026-04-18 03:00:00,2026-04-18 03:01:20,,0,0,F
620,32,1,dropbox,full,scheduled,completed,v2-zip,feaagalati.ro/feaagalati.ro-full-2026-04-18-030046.zip,139505197,t,t,,never_tested,f,68,,f,,2026-04-18 03:00:02,2026-04-18 03:01:10,,0,0,F
621,12,1,dropbox,full,scheduled,completed,v2-zip,matematica-interactiva.ro/matematica-interactiva.ro-full-2026-04-19-000609.zip,857932910,t,t,,never_tested,f,494,,f,,2026-04-19 00:00:00,2026-04-19 00:08:14,,0,0,F
623,15,1,dropbox,full,scheduled,completed,v2-zip,rollshape.ro/rollshape.ro-full-2026-04-19-000107.zip,310996099,t,t,,never_tested,f,112,,f,,2026-04-19 00:00:02,2026-04-19 00:01:54,,0,0,F
624,17,1,dropbox,full,scheduled,completed,v2-zip,georgianaungureanu.ro/georgianaungureanu.ro-full-2026-04-19-000514.zip,683153463,t,f,,never_tested,f,290,,f,,2026-04-19 00:02:03,2026-04-19 00:06:53,,1,1,B
625,18,1,dropbox,full,scheduled,completed,v2-zip,hotelsimonahalep.ro/hotelsimonahalep.ro-full-2026-04-19-000703.zip,474511096,t,t,,never_tested,f,124,,f,,2026-04-19 00:06:07,2026-04-19 00:08:11,,0,0,F
626,19,1,dropbox,full,scheduled,completed,v2-zip,manuelasirbu.ro/manuelasirbu.ro-full-2026-04-19-000812.zip,258357859,t,t,,never_tested,f,108,,f,,2026-04-19 00:06:59,2026-04-19 00:08:47,,0,0,F
627,22,1,dropbox,full,scheduled,completed,v2-zip,pallady.ichb.ro/pallady.ichb.ro-full-2026-04-19-001224.zip,987828219,t,t,,never_tested,f,387,,f,,2026-04-19 00:08:18,2026-04-19 00:14:45,,0,0,F
628,25,1,dropbox,full,scheduled,completed,v2-zip,premiumstone.ro/premiumstone.ro-full-2026-04-19-000953.zip,205189543,t,t,,never_tested,f,117,,f,,2026-04-19 00:08:27,2026-04-19 00:10:24,,0,0,F
630,28,1,dropbox,full,scheduled,completed,v2-zip,metabolika.ro/metabolika.ro-full-2026-04-19-001143.zip,539071783,t,t,,never_tested,f,155,,f,,2026-04-19 00:10:32,2026-04-19 00:13:07,,0,0,F
634,17,1,dropbox,full,scheduled,completed,v2-zip,georgianaungureanu.ro/georgianaungureanu.ro-full-2026-04-19-010657.zip,683172698,t,f,,never_tested,f,288,,f,,2026-04-19 01:03:43,2026-04-19 01:08:31,,1,1,B
638,32,1,dropbox,full,scheduled,completed,v2-zip,feaagalati.ro/feaagalati.ro-full-2026-04-19-030046.zip,139508036,t,t,,never_tested,f,64,,f,,2026-04-19 03:00:01,2026-04-19 03:01:05,,0,0,F
642,15,1,dropbox,full,scheduled,completed,v2-zip,rollshape.ro/rollshape.ro-full-2026-04-20-000109.zip,311202593,t,t,,never_tested,f,110,,f,,2026-04-20 00:00:03,2026-04-20 00:01:53,,0,0,F
643,17,1,dropbox,full,scheduled,completed,v2-zip,georgianaungureanu.ro/georgianaungureanu.ro-full-2026-04-20-000413.zip,683418921,t,f,,never_tested,f,286,,f,,2026-04-20 00:01:06,2026-04-20 00:05:52,,1,1,B
644,18,1,dropbox,full,scheduled,completed,v2-zip,hotelsimonahalep.ro/hotelsimonahalep.ro-full-2026-04-20-000256.zip,474508909,t,t,,never_tested,f,124,,f,,2026-04-20 00:02:02,2026-04-20 00:04:06,,0,0,F
645,19,1,dropbox,full,scheduled,completed,v2-zip,manuelasirbu.ro/manuelasirbu.ro-full-2026-04-20-000528.zip,258568240,t,t,,never_tested,f,108,,f,,2026-04-20 00:04:16,2026-04-20 00:06:04,,0,0,F
647,25,1,dropbox,full,scheduled,completed,v2-zip,premiumstone.ro/premiumstone.ro-full-2026-04-20-000738.zip,205784263,t,t,,never_tested,f,110,,f,,2026-04-20 00:06:17,2026-04-20 00:08:07,,0,0,F
653,17,1,dropbox,full,scheduled,completed,v2-zip,georgianaungureanu.ro/georgianaungureanu.ro-full-2026-04-20-010556.zip,683441193,t,f,,never_tested,f,284,,f,,2026-04-20 01:02:46,2026-04-20 01:07:30,,1,1,B
656,32,1,dropbox,full,scheduled,completed,v2-zip,feaagalati.ro/feaagalati.ro-full-2026-04-20-030047.zip,139511199,t,t,,never_tested,f,68,,f,,2026-04-20 03:00:02,2026-04-20 03:01:10,,0,0,F
662,17,1,dropbox,full,scheduled,completed,v2-zip,georgianaungureanu.ro/georgianaungureanu.ro-full-2026-04-21-000420.zip,683681941,t,f,,never_tested,f,296,,f,,2026-04-21 00:01:10,2026-04-21 00:06:06,,1,1,B
672,17,1,dropbox,full,scheduled,completed,v2-zip,georgianaungureanu.ro/georgianaungureanu.ro-full-2026-04-21-010602.zip,683700517,t,f,,never_tested,f,291,,f,,2026-04-21 01:02:50,2026-04-21 01:07:41,,1,1,B
677,32,1,dropbox,full,scheduled,completed,v2-zip,feaagalati.ro/feaagalati.ro-full-2026-04-21-030045.zip,139507554,t,t,,never_tested,f,67,,f,,2026-04-21 03:00:01,2026-04-21 03:01:08,,0,0,F
683,17,1,dropbox,full,scheduled,completed,v2-zip,georgianaungureanu.ro/georgianaungureanu.ro-full-2026-04-22-000415.zip,678559531,t,f,,never_tested,f,284,,f,,2026-04-22 00:01:08,2026-04-22 00:05:52,,1,1,B
693,17,1,dropbox,full,scheduled,completed,v2-zip,georgianaungureanu.ro/georgianaungureanu.ro-full-2026-04-22-010604.zip,678577524,t,f,,never_tested,f,288,,f,,2026-04-22 01:02:50,2026-04-22 01:07:38,,1,1,B
702,17,1,dropbox,full,scheduled,completed,v2-zip,georgianaungureanu.ro/georgianaungureanu.ro-full-2026-04-23-000437.zip,678820897,t,f,,never_tested,f,289,,f,,2026-04-23 00:01:23,2026-04-23 00:06:12,,1,1,B
712,17,1,dropbox,full,scheduled,completed,v2-zip,georgianaungureanu.ro/georgianaungureanu.ro-full-2026-04-23-010613.zip,678842896,t,f,,never_tested,f,295,,f,,2026-04-23 01:03:03,2026-04-23 01:07:58,,1,1,B
722,17,1,dropbox,full,scheduled,completed,v2-zip,georgianaungureanu.ro/georgianaungureanu.ro-full-2026-04-24-000421.zip,679070469,t,f,,never_tested,f,284,,f,,2026-04-24 00:01:15,2026-04-24 00:05:59,,1,1,B
732,17,1,dropbox,full,scheduled,completed,v2-zip,georgianaungureanu.ro/georgianaungureanu.ro-full-2026-04-24-010609.zip,679092903,t,f,,never_tested,f,286,,f,,2026-04-24 01:02:55,2026-04-24 01:07:41,,1,1,B
755,17,1,dropbox,full,scheduled,completed,v2-zip,georgianaungureanu.ro/georgianaungureanu.ro-full-2026-04-25-010559.zip,679369370,t,f,,never_tested,f,282,,f,,2026-04-25 01:02:50,2026-04-25 01:07:32,,1,1,B
777,17,1,dropbox,full,scheduled,completed,v2-zip,georgianaungureanu.ro/georgianaungureanu.ro-full-2026-04-26-010705.zip,679618738,t,f,,never_tested,f,303,,f,,2026-04-26 01:03:53,2026-04-26 01:08:56,,1,1,B
801,17,1,dropbox,full,scheduled,completed,v2-zip,georgianaungureanu.ro/georgianaungureanu.ro-full-2026-04-27-010608.zip,679861696,t,f,,never_tested,f,290,,f,,2026-04-27 01:02:53,2026-04-27 01:07:43,,1,1,B
870,17,1,dropbox,full,scheduled,completed,v2-zip,georgianaungureanu.ro/georgianaungureanu.ro-full-2026-05-10-120446.zip,683209632,t,f,,never_tested,f,438,,f,,2026-05-10 11:59:17,2026-05-10 12:06:35,,1,1,B
899,17,2,hetzner_objectstorage,full,manual_bulk,completed,v3-zip,georgianaungureanu.ro/georgianaungureanu.ro-full-2026-05-10-172400.zip,1035355118,t,f,,passed,f,285,,t,,2026-05-10 17:20:50,2026-05-10 17:25:35,,1,1,A
903,17,2,hetzner_objectstorage,full,manual_bulk,completed,v3-zip,georgianaungureanu.ro/georgianaungureanu.ro-full-2026-05-10-182537.zip,1035378566,t,f,,passed,f,260,,t,,2026-05-10 18:22:30,2026-05-10 18:26:50,,1,1,A
917,17,2,hetzner_objectstorage,full,scheduled,completed,v3-zip,georgianaungureanu.ro/georgianaungureanu.ro-full-2026-05-11-010636.zip,1035492224,t,f,,passed,f,259,,t,,2026-05-11 01:03:28,2026-05-11 01:07:47,,1,1,A
938,26,2,hetzner_objectstorage,full,scheduled,completed,v3-zip,simplead.ro/simplead.ro-full-2026-05-12-030045.zip,442461106,t,t,,passed,f,101,,t,,2026-05-12 03:00:01,2026-05-12 03:01:42,,1,1,A
957,26,2,hetzner_objectstorage,full,scheduled,completed,v3-zip,simplead.ro/simplead.ro-full-2026-05-13-030045.zip,442461855,t,t,,passed,f,88,,t,,2026-05-13 03:00:01,2026-05-13 03:01:29,,1,1,A
975,26,2,hetzner_objectstorage,full,scheduled,completed,v3-zip,simplead.ro/simplead.ro-full-2026-05-14-030044.zip,442463102,t,t,,passed,f,83,,t,,2026-05-14 03:00:00,2026-05-14 03:01:23,,1,1,A
995,26,2,hetzner_objectstorage,full,scheduled,completed,v3-zip,simplead.ro/simplead.ro-full-2026-05-15-030345.zip,442399807,t,t,,passed,f,65,,t,,2026-05-15 03:03:01,2026-05-15 03:04:06,,1,1,A
1002,17,2,hetzner_objectstorage,full,scheduled,completed,v3-zip,georgianaungureanu.ro/georgianaungureanu.ro-full-2026-05-16-002234.zip,1036811619,t,f,,passed,f,315,,t,,2026-05-16 00:19:23,2026-05-16 00:24:38,,1,1,A
1009,17,2,hetzner_objectstorage,full,scheduled,completed,v3-zip,georgianaungureanu.ro/georgianaungureanu.ro-full-2026-05-16-022237.zip,1036839735,t,f,,passed,f,288,,t,,2026-05-16 02:19:23,2026-05-16 02:24:11,,1,1,A
1011,26,2,hetzner_objectstorage,full,scheduled,completed,v3-zip,simplead.ro/simplead.ro-full-2026-05-16-030344.zip,442478355,t,t,,passed,f,61,,t,,2026-05-16 03:03:00,2026-05-16 03:04:01,,1,1,A
1015,17,2,hetzner_objectstorage,full,scheduled,completed,v3-zip,georgianaungureanu.ro/georgianaungureanu.ro-full-2026-05-17-000916.zip,1037222097,t,f,,passed,f,268,,t,,2026-05-17 00:06:01,2026-05-17 00:10:29,,1,1,A
1026,17,2,hetzner_objectstorage,full,scheduled,completed,v3-zip,georgianaungureanu.ro/georgianaungureanu.ro-full-2026-05-17-020916.zip,1037252775,t,f,,passed,f,284,,t,,2026-05-17 02:06:01,2026-05-17 02:10:45,,1,1,A
1027,26,2,hetzner_objectstorage,full,scheduled,completed,v3-zip,simplead.ro/simplead.ro-full-2026-05-17-030045.zip,442483424,t,t,,passed,f,97,,t,,2026-05-17 03:00:01,2026-05-17 03:01:38,,1,1,A
1032,17,2,hetzner_objectstorage,full,scheduled,completed,v3-zip,georgianaungureanu.ro/georgianaungureanu.ro-full-2026-05-18-000919.zip,1037397267,t,f,,passed,f,299,,t,,2026-05-18 00:06:01,2026-05-18 00:11:00,,1,1,A
1043,17,2,hetzner_objectstorage,full,scheduled,completed,v3-zip,georgianaungureanu.ro/georgianaungureanu.ro-full-2026-05-18-020912.zip,1037429818,t,f,,passed,f,268,,t,,2026-05-18 02:06:01,2026-05-18 02:10:29,,1,1,A
1044,26,2,hetzner_objectstorage,full,scheduled,completed,v3-zip,simplead.ro/simplead.ro-full-2026-05-18-030045.zip,442498473,t,t,,passed,f,68,,t,,2026-05-18 03:00:00,2026-05-18 03:01:08,,1,1,A
1050,17,2,hetzner_objectstorage,full,scheduled,completed,v3-zip,georgianaungureanu.ro/georgianaungureanu.ro-full-2026-05-19-000923.zip,1037305576,t,f,,passed,f,281,,t,,2026-05-19 00:06:02,2026-05-19 00:10:43,,1,1,A
1061,17,2,hetzner_objectstorage,full,scheduled,completed,v3-zip,georgianaungureanu.ro/georgianaungureanu.ro-full-2026-05-19-020914.zip,1037337124,t,f,,passed,f,268,,t,,2026-05-19 02:06:02,2026-05-19 02:10:30,,1,1,A
1062,26,2,hetzner_objectstorage,full,scheduled,completed,v3-zip,simplead.ro/simplead.ro-full-2026-05-19-030045.zip,442467031,t,t,,passed,f,79,,t,,2026-05-19 03:00:01,2026-05-19 03:01:20,,1,1,A
1079,17,2,hetzner_objectstorage,full,scheduled,completed,v3-zip,georgianaungureanu.ro/georgianaungureanu.ro-full-2026-05-20-003617.zip,1037569526,t,f,,passed,f,368,,t,,2026-05-20 00:33:00,2026-05-20 00:39:08,,1,1,A
1083,17,2,hetzner_objectstorage,full,scheduled,completed,v3-zip,georgianaungureanu.ro/georgianaungureanu.ro-full-2026-05-20-023613.zip,1037597192,t,f,,passed,f,269,,t,,2026-05-20 02:33:00,2026-05-20 02:37:29,,1,1,A
1088,26,2,hetzner_objectstorage,full,scheduled,completed,v3-zip,simplead.ro/simplead.ro-full-2026-05-20-030948.zip,442462345,t,t,,passed,f,64,,t,,2026-05-20 03:09:02,2026-05-20 03:10:06,,1,1,A
1098,17,2,hetzner_objectstorage,full,scheduled,completed,v3-zip,georgianaungureanu.ro/georgianaungureanu.ro-full-2026-05-21-003018.zip,1034253941,t,f,,passed,f,316,,t,,2026-05-21 00:27:02,2026-05-21 00:32:18,,1,1,A
1104,17,2,hetzner_objectstorage,full,scheduled,completed,v3-zip,georgianaungureanu.ro/georgianaungureanu.ro-full-2026-05-21-023021.zip,1034693506,t,f,,passed,f,281,,t,,2026-05-21 02:27:03,2026-05-21 02:31:44,,1,1,A
1108,26,2,hetzner_objectstorage,full,scheduled,completed,v3-zip,simplead.ro/simplead.ro-full-2026-05-21-030949.zip,442468999,t,t,,passed,f,73,,t,,2026-05-21 03:09:01,2026-05-21 03:10:14,,1,1,A
1114,3,2,hetzner_objectstorage,full,manual,cancelled,v2-zip,,,f,f,,never_tested,f,,,f,,2026-05-21 20:44:58,2026-05-21 21:14:52,,,,D
1120,3,2,hetzner_objectstorage,full,manual,cancelled,v2-zip,,,f,f,,never_tested,f,,,f,,2026-05-21 21:51:47,2026-05-21 21:53:42,,,,D
1134,17,2,hetzner_objectstorage,full,scheduled,completed,v3-zip,georgianaungureanu.ro/georgianaungureanu.ro-full-2026-05-22-003612.zip,1036622062,t,f,,passed,f,270,,t,,2026-05-22 00:33:01,2026-05-22 00:37:31,,1,1,A
1144,26,2,hetzner_objectstorage,full,scheduled,completed,v3-zip,simplead.ro/simplead.ro-full-2026-05-22-030946.zip,442477767,t,t,,passed,f,98,,t,,2026-05-22 03:09:02,2026-05-22 03:10:40,,1,1,A
1145,17,2,hetzner_objectstorage,full,manual,completed,v3-zip,georgianaungureanu.ro/georgianaungureanu.ro-full-2026-05-22-130117.zip,1038331280,t,f,,passed,f,314,,t,,2026-05-22 12:58:02,2026-05-22 13:03:16,,1,1,A
1146,17,2,hetzner_objectstorage,full,manual,completed,v3-zip,georgianaungureanu.ro/georgianaungureanu.ro-full-2026-05-22-150114.zip,1038329718,t,f,,passed,f,302,,t,,2026-05-22 14:58:03,2026-05-22 15:03:05,,1,1,A
1147,17,2,hetzner_objectstorage,full,scheduled,completed,v3-zip,georgianaungureanu.ro/georgianaungureanu.ro-full-2026-05-23-000314.zip,1038441370,t,f,,passed,f,316,,t,,2026-05-23 00:00:02,2026-05-23 00:05:18,,1,1,A
1148,28,2,hetzner_objectstorage,full,scheduled,completed,v3-zip,metabolika.ro/metabolika.ro-full-2026-05-23-000422.zip,807166877,t,t,,passed,f,154,,t,,2026-05-23 00:03:01,2026-05-23 00:05:35,,1,1,A
1164,17,2,hetzner_objectstorage,full,scheduled,completed,v3-zip,georgianaungureanu.ro/georgianaungureanu.ro-full-2026-05-23-020315.zip,1038476502,t,f,,passed,f,448,,t,,2026-05-23 02:00:02,2026-05-23 02:07:30,,1,1,A
1168,26,2,hetzner_objectstorage,full,scheduled,completed,v3-zip,simplead.ro/simplead.ro-full-2026-05-23-030945.zip,442481558,t,t,,passed,f,138,,t,,2026-05-23 03:09:01,2026-05-23 03:11:19,,1,1,A
1171,17,2,hetzner_objectstorage,full,scheduled,completed,v3-zip,georgianaungureanu.ro/georgianaungureanu.ro-full-2026-05-24-000921.zip,1038712057,t,f,,passed,f,333,,t,,2026-05-24 00:06:00,2026-05-24 00:11:33,,1,1,A
1179,28,2,hetzner_objectstorage,full,scheduled,completed,v3-zip,metabolika.ro/metabolika.ro-full-2026-05-24-003124.zip,807218161,t,t,,passed,f,153,,t,,2026-05-24 00:30:02,2026-05-24 00:32:35,,1,1,A
1186,17,2,hetzner_objectstorage,full,scheduled,completed,v3-zip,georgianaungureanu.ro/georgianaungureanu.ro-full-2026-05-24-020916.zip,1038742811,t,f,,passed,f,309,,t,,2026-05-24 02:06:01,2026-05-24 02:11:10,,1,1,A
1189,26,2,hetzner_objectstorage,full,scheduled,completed,v3-zip,simplead.ro/simplead.ro-full-2026-05-24-030645.zip,442485705,t,t,,passed,f,71,,t,,2026-05-24 03:06:01,2026-05-24 03:07:12,,1,1,A
1193,17,2,hetzner_objectstorage,full,scheduled,completed,v3-zip,georgianaungureanu.ro/georgianaungureanu.ro-full-2026-05-25-000912.zip,1038995574,t,f,,passed,f,331,,t,,2026-05-25 00:06:00,2026-05-25 00:11:31,,1,1,A
1201,28,2,hetzner_objectstorage,full,scheduled,completed,v3-zip,metabolika.ro/metabolika.ro-full-2026-05-25-003138.zip,807307942,t,t,,passed,f,171,,t,,2026-05-25 00:30:01,2026-05-25 00:32:52,,1,1,A
1209,17,2,hetzner_objectstorage,full,scheduled,completed,v3-zip,georgianaungureanu.ro/georgianaungureanu.ro-full-2026-05-25-020918.zip,1039023740,t,f,,passed,f,423,,t,,2026-05-25 02:06:00,2026-05-25 02:13:03,,1,1,A
1212,26,2,hetzner_objectstorage,full,scheduled,completed,v3-zip,simplead.ro/simplead.ro-full-2026-05-25-030644.zip,442493298,t,t,,passed,f,75,,t,,2026-05-25 03:06:00,2026-05-25 03:07:15,,1,1,A
1225,17,2,hetzner_objectstorage,full,scheduled,completed,v3-zip,georgianaungureanu.ro/georgianaungureanu.ro-full-2026-05-26-003909.zip,1039364479,t,f,,passed,f,418,,t,,2026-05-26 00:35:49,2026-05-26 00:42:47,,1,1,A
1227,28,2,hetzner_objectstorage,full,scheduled,completed,v3-zip,metabolika.ro/metabolika.ro-full-2026-05-26-004356.zip,814012395,t,t,,passed,f,182,,t,,2026-05-26 00:42:18,2026-05-26 00:45:20,,1,1,A
1231,17,2,hetzner_objectstorage,full,scheduled,completed,v3-zip,georgianaungureanu.ro/georgianaungureanu.ro-full-2026-05-26-023909.zip,1039391902,t,f,,passed,f,348,,t,,2026-05-26 02:35:50,2026-05-26 02:41:38,,1,1,A
1234,26,2,hetzner_objectstorage,full,scheduled,completed,v3-zip,simplead.ro/simplead.ro-full-2026-05-26-030644.zip,442498263,t,t,,passed,f,87,,t,,2026-05-26 03:06:00,2026-05-26 03:07:27,,1,1,A
1236,17,2,hetzner_objectstorage,full,scheduled,completed,v3-zip,georgianaungureanu.ro/georgianaungureanu.ro-full-2026-05-27-000313.zip,1039653098,t,f,,passed,f,423,,t,,2026-05-27 00:00:01,2026-05-27 00:07:04,,1,1,A
1251,28,2,hetzner_objectstorage,full,scheduled,completed,v3-zip,metabolika.ro/metabolika.ro-full-2026-05-27-004340.zip,814067065,t,t,,passed,f,172,,t,,2026-05-27 00:42:02,2026-05-27 00:44:54,,1,1,A
1254,17,2,hetzner_objectstorage,full,scheduled,completed,v3-zip,georgianaungureanu.ro/georgianaungureanu.ro-full-2026-05-27-020317.zip,1039684480,t,f,,passed,f,390,,t,,2026-05-27 02:00:03,2026-05-27 02:06:33,,1,1,A
1257,26,2,hetzner_objectstorage,full,scheduled,completed,v3-zip,simplead.ro/simplead.ro-full-2026-05-27-030648.zip,442504634,t,t,,passed,f,121,,t,,2026-05-27 03:06:03,2026-05-27 03:08:04,,1,1,A
1261,17,2,hetzner_objectstorage,full,scheduled,completed,v3-zip,georgianaungureanu.ro/georgianaungureanu.ro-full-2026-05-28-000921.zip,1039931624,t,f,,passed,f,374,,t,,2026-05-28 00:06:02,2026-05-28 00:12:16,,1,1,A
1269,28,2,hetzner_objectstorage,full,scheduled,completed,v3-zip,metabolika.ro/metabolika.ro-full-2026-05-28-003121.zip,814131971,t,t,,passed,f,140,,t,,2026-05-28 00:30:00,2026-05-28 00:32:20,,1,1,A
1276,17,2,hetzner_objectstorage,full,scheduled,completed,v3-zip,georgianaungureanu.ro/georgianaungureanu.ro-full-2026-05-28-020917.zip,1039968052,t,f,,passed,f,493,,t,,2026-05-28 02:06:03,2026-05-28 02:14:16,,1,1,A
1277,26,2,hetzner_objectstorage,full,scheduled,completed,v3-zip,simplead.ro/simplead.ro-full-2026-05-28-030044.zip,442510756,t,t,,passed,f,248,,t,,2026-05-28 03:00:00,2026-05-28 03:04:08,,1,1,A
1284,28,2,hetzner_objectstorage,full,scheduled,completed,v3-zip,metabolika.ro/metabolika.ro-full-2026-05-29-001020.zip,814207530,t,t,,passed,f,170,,t,,2026-05-29 00:09:01,2026-05-29 00:11:51,,1,1,A
1290,17,2,hetzner_objectstorage,full,scheduled,completed,v3-zip,georgianaungureanu.ro/georgianaungureanu.ro-full-2026-05-29-003023.zip,1040228609,t,f,,passed,f,503,,t,,2026-05-29 00:27:01,2026-05-29 00:35:24,,1,1,A
1298,26,2,hetzner_objectstorage,full,scheduled,completed,v3-zip,simplead.ro/simplead.ro-full-2026-05-29-030044.zip,442518448,t,t,,passed,f,196,,t,,2026-05-29 03:00:00,2026-05-29 03:03:16,,1,1,A
1306,28,2,hetzner_objectstorage,full,scheduled,completed,v3-zip,metabolika.ro/metabolika.ro-full-2026-05-30-001327.zip,814389590,t,t,,passed,f,177,,t,,2026-05-30 00:12:05,2026-05-30 00:15:02,,1,1,A
1310,17,2,hetzner_objectstorage,full,scheduled,completed,v3-zip,georgianaungureanu.ro/georgianaungureanu.ro-full-2026-05-30-002720.zip,1040504111,t,f,,passed,f,470,,t,,2026-05-30 00:24:00,2026-05-30 00:31:50,,1,1,A
1319,17,2,hetzner_objectstorage,full,scheduled,completed,v3-zip,georgianaungureanu.ro/georgianaungureanu.ro-full-2026-05-30-022722.zip,1040538970,t,f,,passed,f,318,,t,,2026-05-30 02:24:01,2026-05-30 02:29:19,,1,1,A
1320,26,2,hetzner_objectstorage,full,scheduled,completed,v3-zip,simplead.ro/simplead.ro-full-2026-05-30-030048.zip,442525167,t,t,,passed,f,138,,t,,2026-05-30 03:00:02,2026-05-30 03:02:20,,1,1,A
1334,17,2,hetzner_objectstorage,full,scheduled,completed,v3-zip,georgianaungureanu.ro/georgianaungureanu.ro-full-2026-05-31-003322.zip,1040792779,t,f,,passed,f,521,,t,,2026-05-31 00:30:01,2026-05-31 00:38:42,,1,1,A
1339,28,2,hetzner_objectstorage,full,scheduled,completed,v3-zip,metabolika.ro/metabolika.ro-full-2026-05-31-004923.zip,814431625,t,t,,passed,f,152,,t,,2026-05-31 00:48:00,2026-05-31 00:50:32,,1,1,A
1341,17,2,hetzner_objectstorage,full,scheduled,completed,v3-zip,georgianaungureanu.ro/georgianaungureanu.ro-full-2026-05-31-023320.zip,1040826430,t,f,,passed,f,479,,t,,2026-05-31 02:30:01,2026-05-31 02:38:00,,1,1,A
1342,26,2,hetzner_objectstorage,full,scheduled,completed,v3-zip,simplead.ro/simplead.ro-full-2026-05-31-030045.zip,442529381,t,t,,passed,f,251,,t,,2026-05-31 03:00:00,2026-05-31 03:04:11,,1,1,A
1353,28,2,hetzner_objectstorage,full,scheduled,completed,v3-zip,metabolika.ro/metabolika.ro-full-2026-06-01-002247.zip,814503607,t,t,,passed,f,156,,t,,2026-06-01 00:21:01,2026-06-01 00:23:37,,1,1,A
1355,17,2,hetzner_objectstorage,full,scheduled,completed,v3-zip,georgianaungureanu.ro/georgianaungureanu.ro-full-2026-06-01-003017.zip,1041075211,t,f,,passed,f,300,,t,,2026-06-01 00:27:00,2026-06-01 00:32:00,,1,1,A
1362,17,2,hetzner_objectstorage,full,scheduled,completed,v3-zip,georgianaungureanu.ro/georgianaungureanu.ro-full-2026-06-01-023017.zip,1041106534,t,f,,passed,f,412,,t,,2026-06-01 02:27:02,2026-06-01 02:33:54,,1,1,A
1363,26,2,hetzner_objectstorage,full,scheduled,completed,v3-zip,simplead.ro/simplead.ro-full-2026-06-01-030045.zip,442534734,t,t,,passed,f,100,,t,,2026-06-01 03:00:00,2026-06-01 03:01:40,,1,1,A
1376,17,2,hetzner_objectstorage,full,scheduled,completed,v3-zip,georgianaungureanu.ro/georgianaungureanu.ro-full-2026-06-02-002607.zip,1041362490,t,f,,passed,f,349,,t,,2026-06-02 00:22:39,2026-06-02 00:28:28,,1,1,A
1379,28,2,hetzner_objectstorage,full,scheduled,completed,v3-zip,metabolika.ro/metabolika.ro-full-2026-06-02-003256.zip,814560312,t,t,,passed,f,160,,t,,2026-06-02 00:31:35,2026-06-02 00:34:15,,1,1,A
1387,17,2,hetzner_objectstorage,full,scheduled,completed,v3-zip,georgianaungureanu.ro/georgianaungureanu.ro-full-2026-06-02-022551.zip,1041398962,t,f,,passed,f,488,,t,,2026-06-02 02:22:39,2026-06-02 02:30:47,,1,1,A
1388,26,2,hetzner_objectstorage,full,scheduled,completed,v3-zip,simplead.ro/simplead.ro-full-2026-06-02-030045.zip,442540495,t,t,,passed,f,204,,t,,2026-06-02 03:00:01,2026-06-02 03:03:25,,1,1,A
1398,17,2,hetzner_objectstorage,full,scheduled,completed,v3-zip,georgianaungureanu.ro/georgianaungureanu.ro-full-2026-06-03-002114.zip,1041645680,t,f,,passed,f,331,,t,,2026-06-03 00:18:00,2026-06-03 00:23:31,,1,1,A
1402,28,2,hetzner_objectstorage,full,scheduled,completed,v3-zip,metabolika.ro/metabolika.ro-full-2026-06-03-003602.zip,814688910,t,t,,passed,f,166,,t,,2026-06-03 00:34:41,2026-06-03 00:37:27,,1,1,A
1410,17,2,hetzner_objectstorage,full,scheduled,completed,v3-zip,georgianaungureanu.ro/georgianaungureanu.ro-full-2026-06-03-022122.zip,1041679140,t,f,,passed,f,329,,t,,2026-06-03 02:18:00,2026-06-03 02:23:29,,1,1,A
1411,26,2,hetzner_objectstorage,full,scheduled,completed,v3-zip,simplead.ro/simplead.ro-full-2026-06-03-030044.zip,442547425,t,t,,passed,f,267,,t,,2026-06-03 03:00:00,2026-06-03 03:04:27,,1,1,A
1423,17,2,hetzner_objectstorage,full,scheduled,completed,v3-zip,georgianaungureanu.ro/georgianaungureanu.ro-full-2026-06-04-002933.zip,1041928307,t,f,,passed,f,424,,t,,2026-06-04 00:26:17,2026-06-04 00:33:21,,1,1,A
1425,28,2,hetzner_objectstorage,full,scheduled,completed,v3-zip,metabolika.ro/metabolika.ro-full-2026-06-04-003131.zip,814828959,t,t,,passed,f,233,,t,,2026-06-04 00:30:01,2026-06-04 00:33:54,,1,1,A
1433,17,2,hetzner_objectstorage,full,scheduled,completed,v3-zip,georgianaungureanu.ro/georgianaungureanu.ro-full-2026-06-04-022940.zip,1041959403,t,f,,passed,f,327,,t,,2026-06-04 02:26:18,2026-06-04 02:31:45,,1,1,A
1435,26,2,hetzner_objectstorage,full,scheduled,completed,v3-zip,simplead.ro/simplead.ro-full-2026-06-04-030345.zip,442551867,t,t,,passed,f,82,,t,,2026-06-04 03:03:00,2026-06-04 03:04:22,,1,1,A
1444,17,2,hetzner_objectstorage,full,scheduled,completed,v3-zip,georgianaungureanu.ro/georgianaungureanu.ro-full-2026-06-05-003254.zip,1042200439,t,f,,passed,f,493,,t,,2026-06-05 00:29:34,2026-06-05 00:37:47,,1,1,A
1445,28,2,hetzner_objectstorage,full,scheduled,completed,v3-zip,metabolika.ro/metabolika.ro-full-2026-06-05-003455.zip,814995115,t,t,,passed,f,290,,t,,2026-06-05 00:33:38,2026-06-05 00:38:28,,1,1,A
1458,17,2,hetzner_objectstorage,full,scheduled,completed,v3-zip,georgianaungureanu.ro/georgianaungureanu.ro-full-2026-06-05-023255.zip,1042236912,t,f,,passed,f,403,,t,,2026-06-05 02:29:34,2026-06-05 02:36:17,,1,1,A
1460,26,2,hetzner_objectstorage,full,scheduled,completed,v3-zip,simplead.ro/simplead.ro-full-2026-06-05-030345.zip,442558425,t,t,,passed,f,80,,t,,2026-06-05 03:03:00,2026-06-05 03:04:20,,1,1,A
1464,28,2,hetzner_objectstorage,full,scheduled,completed,v3-zip,metabolika.ro/metabolika.ro-full-2026-06-06-000419.zip,815113201,t,t,,passed,f,153,,t,,2026-06-06 00:03:01,2026-06-06 00:05:34,,1,1,A
1465,17,2,hetzner_objectstorage,full,scheduled,completed,v3-zip,georgianaungureanu.ro/georgianaungureanu.ro-full-2026-06-06-000921.zip,1042479513,t,f,,passed,f,502,,t,,2026-06-06 00:06:01,2026-06-06 00:14:23,,1,1,A
1481,17,2,hetzner_objectstorage,full,scheduled,completed,v3-zip,georgianaungureanu.ro/georgianaungureanu.ro-full-2026-06-06-020919.zip,1042513371,t,f,,passed,f,444,,t,,2026-06-06 02:06:01,2026-06-06 02:13:25,,1,1,A
1483,26,2,hetzner_objectstorage,full,scheduled,completed,v3-zip,simplead.ro/simplead.ro-full-2026-06-06-030347.zip,442565344,t,t,,passed,f,82,,t,,2026-06-06 03:03:01,2026-06-06 03:04:23,,1,1,A
1494,17,2,hetzner_objectstorage,full,scheduled,completed,v3-zip,georgianaungureanu.ro/georgianaungureanu.ro-full-2026-06-07-002800.zip,1042761231,t,f,,passed,f,355,,t,,2026-06-07 00:24:02,2026-06-07 00:29:57,,1,1,A
1499,28,2,hetzner_objectstorage,full,scheduled,completed,v3-zip,metabolika.ro/metabolika.ro-full-2026-06-07-004017.zip,815249936,t,t,,passed,f,140,,t,,2026-06-07 00:39:00,2026-06-07 00:41:20,,1,1,A
1504,17,2,hetzner_objectstorage,full,scheduled,completed,v3-zip,georgianaungureanu.ro/georgianaungureanu.ro-full-2026-06-07-022719.zip,1042798105,t,f,,passed,f,489,,t,,2026-06-07 02:24:03,2026-06-07 02:32:12,,1,1,A
1506,26,2,hetzner_objectstorage,full,scheduled,completed,v3-zip,simplead.ro/simplead.ro-full-2026-06-07-030345.zip,442571050,t,t,,passed,f,212,,t,,2026-06-07 03:03:00,2026-06-07 03:06:32,,1,1,A
1511,17,2,hetzner_objectstorage,full,scheduled,completed,v3-zip,georgianaungureanu.ro/georgianaungureanu.ro-full-2026-06-08-000948.zip,1043041694,t,f,,passed,f,460,,t,,2026-06-08 00:06:01,2026-06-08 00:13:41,,1,1,A
1520,28,2,hetzner_objectstorage,full,scheduled,completed,v3-zip,metabolika.ro/metabolika.ro-full-2026-06-08-003421.zip,816124570,t,t,,passed,f,137,,t,,2026-06-08 00:33:02,2026-06-08 00:35:19,,1,1,A
1528,17,2,hetzner_objectstorage,full,scheduled,completed,v3-zip,georgianaungureanu.ro/georgianaungureanu.ro-full-2026-06-08-020924.zip,1043073588,t,f,,passed,f,400,,t,,2026-06-08 02:06:01,2026-06-08 02:12:41,,1,1,A
1530,26,2,hetzner_objectstorage,full,scheduled,completed,v3-zip,simplead.ro/simplead.ro-full-2026-06-08-030348.zip,442577102,t,t,,passed,f,126,,t,,2026-06-08 03:03:02,2026-06-08 03:05:08,,1,1,A
1545,28,2,hetzner_objectstorage,full,scheduled,completed,v3-zip,metabolika.ro/metabolika.ro-full-2026-06-09-003728.zip,816917142,t,t,,passed,f,163,,t,,2026-06-09 00:36:01,2026-06-09 00:38:44,,1,1,A
1546,17,2,hetzner_objectstorage,full,scheduled,completed,v3-zip,georgianaungureanu.ro/georgianaungureanu.ro-full-2026-06-09-004232.zip,1043329246,t,f,,passed,f,306,,t,,2026-06-09 00:39:01,2026-06-09 00:44:07,,1,1,A
1550,17,2,hetzner_objectstorage,full,scheduled,completed,v3-zip,georgianaungureanu.ro/georgianaungureanu.ro-full-2026-06-09-024239.zip,1043368323,t,f,,passed,f,335,,t,,2026-06-09 02:39:01,2026-06-09 02:44:36,,1,1,A
1553,26,2,hetzner_objectstorage,full,scheduled,completed,v3-zip,simplead.ro/simplead.ro-full-2026-06-09-030648.zip,442584678,t,t,,passed,f,78,,t,,2026-06-09 03:06:00,2026-06-09 03:07:18,,1,1,A
1555,28,2,hetzner_objectstorage,full,scheduled,completed,v3-zip,metabolika.ro/metabolika.ro-full-2026-06-10-000144.zip,817186741,t,t,,passed,f,153,,t,,2026-06-10 00:00:00,2026-06-10 00:02:33,,1,1,A
1560,17,2,hetzner_objectstorage,full,scheduled,completed,v3-zip,georgianaungureanu.ro/georgianaungureanu.ro-full-2026-06-10-001550.zip,1043604862,t,f,,passed,f,351,,t,,2026-06-10 00:12:00,2026-06-10 00:17:51,,1,1,A
1576,17,2,hetzner_objectstorage,full,scheduled,completed,v3-zip,georgianaungureanu.ro/georgianaungureanu.ro-full-2026-06-10-021639.zip,1043643318,t,f,,passed,f,394,,t,,2026-06-10 02:12:02,2026-06-10 02:18:36,,1,1,A
1579,26,2,hetzner_objectstorage,full,scheduled,completed,v3-zip,simplead.ro/simplead.ro-full-2026-06-10-030714.zip,442456623,t,t,,passed,f,110,,t,,2026-06-10 03:06:02,2026-06-10 03:07:52,,1,1,A
1585,28,2,hetzner_objectstorage,full,scheduled,completed,v3-zip,metabolika.ro/metabolika.ro-full-2026-06-11-001334.zip,817400771,t,t,,passed,f,159,,t,,2026-06-11 00:12:02,2026-06-11 00:14:41,,1,1,A
1588,17,2,hetzner_objectstorage,full,scheduled,completed,v3-zip,georgianaungureanu.ro/georgianaungureanu.ro-full-2026-06-11-002620.zip,1044001484,t,f,,passed,f,510,,t,,2026-06-11 00:21:03,2026-06-11 00:29:33,,1,1,A
1598,17,2,hetzner_objectstorage,full,scheduled,completed,v3-zip,georgianaungureanu.ro/georgianaungureanu.ro-full-2026-06-11-022433.zip,1044033484,t,f,,passed,f,297,,t,,2026-06-11 02:21:02,2026-06-11 02:25:59,,1,1,A
1603,28,2,hetzner_objectstorage,full,scheduled,completed,v3-zip,metabolika.ro/metabolika.ro-full-2026-06-12-000131.zip,817565255,t,t,,passed,f,135,,t,,2026-06-12 00:00:00,2026-06-12 00:02:15,,1,1,A
1606,17,2,hetzner_objectstorage,full,scheduled,completed,v3-zip,georgianaungureanu.ro/georgianaungureanu.ro-full-2026-06-12-001241.zip,1044293622,t,f,,passed,f,534,,t,,2026-06-12 00:09:02,2026-06-12 00:17:56,,1,1,A
1609,13,2,hetzner_objectstorage,full,scheduled,completed,v3-zip,fastrackids.ro/fastrackids.ro-full-2026-06-12-002230.zip,1980106593,t,t,,passed,f,377,,t,,2026-06-12 00:18:44,2026-06-12 00:25:01,,1,1,A
1610,19,2,hetzner_objectstorage,full,scheduled,completed,v3-zip,manuelasirbu.ro/manuelasirbu.ro-full-2026-06-12-002234.zip,606829705,t,t,,passed,f,168,,t,,2026-06-12 00:21:01,2026-06-12 00:23:49,,1,1,A
1611,25,2,hetzner_objectstorage,full,scheduled,completed,v3-zip,premiumstone.ro/premiumstone.ro-full-2026-06-12-002555.zip,518360473,t,t,,passed,f,143,,t,,2026-06-12 00:24:01,2026-06-12 00:26:24,,1,1,A
1613,27,2,hetzner_objectstorage,full,scheduled,completed,v3-zip,paulardeleanu.ro/paulardeleanu.ro-full-2026-06-12-003752.zip,3877962085,t,t,,passed,f,966,,t,,2026-06-12 00:30:02,2026-06-12 00:46:08,,1,1,A
1617,15,2,hetzner_objectstorage,full,scheduled,completed,v3-zip,rollshape.ro/rollshape.ro-full-2026-06-12-004754.zip,570726935,t,t,,passed,f,131,,t,,2026-06-12 00:46:19,2026-06-12 00:48:30,,1,1,A
1618,24,2,hetzner_objectstorage,full,scheduled,completed,v3-zip,isor.ro/isor.ro-full-2026-06-12-004935.zip,2736298451,t,t,,passed,f,412,,t,,2026-06-12 00:46:33,2026-06-12 00:53:25,,1,1,A
1619,18,2,hetzner_objectstorage,full,scheduled,completed,v3-zip,hotelsimonahalep.ro/hotelsimonahalep.ro-full-2026-06-12-004940.zip,667612179,t,t,,passed,f,154,,t,,2026-06-12 00:48:43,2026-06-12 00:51:17,,1,1,A
1622,17,2,hetzner_objectstorage,full,scheduled,completed,v3-zip,georgianaungureanu.ro/georgianaungureanu.ro-full-2026-06-12-021241.zip,1044321065,t,f,,passed,f,325,,t,,2026-06-12 02:09:02,2026-06-12 02:14:27,,1,1,A
1623,32,2,hetzner_objectstorage,full,scheduled,completed,v3-zip,feaagalati.ro/feaagalati.ro-full-2026-06-12-030115.zip,432944797,t,t,,passed,f,153,,t,,2026-06-12 03:00:01,2026-06-12 03:02:34,,1,1,A
1626,17,2,hetzner_objectstorage,full,scheduled,completed,v3-zip,georgianaungureanu.ro/georgianaungureanu.ro-full-2026-06-13-000504.zip,1044566177,t,f,,passed,f,399,,t,,2026-06-13 00:00:01,2026-06-13 00:06:40,,1,1,A
1627,19,2,hetzner_objectstorage,full,scheduled,completed,v3-zip,manuelasirbu.ro/manuelasirbu.ro-full-2026-06-13-000431.zip,607083199,t,t,,passed,f,138,,t,,2026-06-13 00:03:00,2026-06-13 00:05:18,,1,1,A
1628,13,2,hetzner_objectstorage,full,scheduled,completed,v3-zip,fastrackids.ro/fastrackids.ro-full-2026-06-13-000918.zip,1980137318,t,t,,passed,f,314,,t,,2026-06-13 00:06:00,2026-06-13 00:11:14,,1,1,A
1629,25,2,hetzner_objectstorage,full,scheduled,completed,v3-zip,premiumstone.ro/premiumstone.ro-full-2026-06-13-001035.zip,520509674,t,t,,passed,f,135,,t,,2026-06-13 00:09:01,2026-06-13 00:11:16,,1,1,A
1631,28,2,hetzner_objectstorage,full,scheduled,completed,v3-zip,metabolika.ro/metabolika.ro-full-2026-06-13-001559.zip,817690559,t,t,,passed,f,125,,t,,2026-06-13 00:14:32,2026-06-13 00:16:37,,1,1,A
1632,33,2,hetzner_objectstorage,full,scheduled,completed,v3-zip,ehvac.ro/ehvac.ro-full-2026-06-13-002605.zip,1462493645,t,t,,passed,f,840,,t,,2026-06-13 00:15:00,2026-06-13 00:29:00,,1,1,A
1633,16,2,hetzner_objectstorage,full,scheduled,completed,v3-zip,priority-clinic.ro/priority-clinic.ro-full-2026-06-13-002402.zip,2220263435,t,t,,passed,f,577,,t,,2026-06-13 00:18:01,2026-06-13 00:27:38,,1,1,A
1634,12,2,hetzner_objectstorage,full,scheduled,completed,v3-zip,matematica-interactiva.ro/matematica-interactiva.ro-full-2026-06-13-002505.zip,1598962075,t,t,,passed,f,446,,t,,2026-06-13 00:21:02,2026-06-13 00:28:28,,1,1,A
1635,22,2,hetzner_objectstorage,full,scheduled,completed,v3-zip,pallady.ichb.ro/pallady.ichb.ro-full-2026-06-13-003018.zip,1303032065,t,t,,passed,f,212,,t,,2026-06-13 00:27:57,2026-06-13 00:31:29,,1,1,A
1636,27,2,hetzner_objectstorage,full,scheduled,completed,v3-zip,paulardeleanu.ro/paulardeleanu.ro-full-2026-06-13-003646.zip,3878347683,t,t,,passed,f,856,,t,,2026-06-13 00:28:41,2026-06-13 00:42:57,,1,1,A
1637,14,2,hetzner_objectstorage,full,scheduled,completed,v3-zip,florinpasat.com/florinpasat.com-full-2026-06-13-003908.zip,4218296329,t,t,,passed,f,923,,t,,2026-06-13 00:30:01,2026-06-13 00:45:24,,1,1,A
1638,29,2,hetzner_objectstorage,full,scheduled,completed,v3-zip,marketingdeck.com/marketingdeck.com-full-2026-06-13-003439.zip,806262356,t,t,,passed,f,143,,t,,2026-06-13 00:33:01,2026-06-13 00:35:24,,1,1,A
1639,15,2,hetzner_objectstorage,full,scheduled,completed,v3-zip,rollshape.ro/rollshape.ro-full-2026-06-13-003750.zip,571010661,t,t,,passed,f,178,,t,,2026-06-13 00:36:02,2026-06-13 00:39:00,,1,1,A
1640,18,2,hetzner_objectstorage,full,scheduled,completed,v3-zip,hotelsimonahalep.ro/hotelsimonahalep.ro-full-2026-06-13-004019.zip,667617445,t,t,,passed,f,197,,t,,2026-06-13 00:39:13,2026-06-13 00:42:30,,1,1,A
1642,24,2,hetzner_objectstorage,full,scheduled,completed,v3-zip,isor.ro/isor.ro-full-2026-06-13-004753.zip,2736298807,t,t,,passed,f,331,,t,,2026-06-13 00:45:02,2026-06-13 00:50:33,,1,1,A
1646,32,2,hetzner_objectstorage,full,scheduled,completed,v3-zip,feaagalati.ro/feaagalati.ro-full-2026-06-13-030058.zip,432978594,t,t,,passed,f,98,,t,,2026-06-13 03:00:01,2026-06-13 03:01:39,,1,1,A
1650,28,2,hetzner_objectstorage,full,scheduled,completed,v3-zip,metabolika.ro/metabolika.ro-full-2026-06-14-000551.zip,817732324,t,t,,passed,f,281,,t,,2026-06-14 00:03:01,2026-06-14 00:07:42,,1,1,A
1651,16,2,hetzner_objectstorage,full,scheduled,completed,v3-zip,priority-clinic.ro/priority-clinic.ro-full-2026-06-14-001041.zip,2220538452,t,t,,passed,f,406,,t,,2026-06-14 00:06:01,2026-06-14 00:12:47,,1,1,A
1652,12,2,hetzner_objectstorage,full,scheduled,completed,v3-zip,matematica-interactiva.ro/matematica-interactiva.ro-full-2026-06-14-001316.zip,1598933106,t,t,,passed,f,356,,t,,2026-06-14 00:09:00,2026-06-14 00:14:56,,1,1,A
1653,33,2,hetzner_objectstorage,full,scheduled,completed,v3-zip,ehvac.ro/ehvac.ro-full-2026-06-14-002313.zip,1462570509,t,t,,passed,f,828,,t,,2026-06-14 00:12:02,2026-06-14 00:25:50,,1,1,A
1654,17,2,hetzner_objectstorage,full,scheduled,completed,v3-zip,georgianaungureanu.ro/georgianaungureanu.ro-full-2026-06-14-002437.zip,1044841390,t,f,,passed,f,709,,t,,2026-06-14 00:15:01,2026-06-14 00:26:50,,1,1,A
1655,22,2,hetzner_objectstorage,full,scheduled,completed,v3-zip,pallady.ichb.ro/pallady.ichb.ro-full-2026-06-14-002017.zip,1302892942,t,t,,passed,f,212,,t,,2026-06-14 00:18:02,2026-06-14 00:21:34,,1,1,A
1656,29,2,hetzner_objectstorage,full,scheduled,completed,v3-zip,marketingdeck.com/marketingdeck.com-full-2026-06-14-002329.zip,806590349,t,t,,passed,f,206,,t,,2026-06-14 00:21:44,2026-06-14 00:25:10,,1,1,A
1657,15,2,hetzner_objectstorage,full,scheduled,completed,v3-zip,rollshape.ro/rollshape.ro-full-2026-06-14-002651.zip,571263415,t,t,,passed,f,120,,t,,2026-06-14 00:25:26,2026-06-14 00:27:26,,1,1,A
1658,18,2,hetzner_objectstorage,full,scheduled,completed,v3-zip,hotelsimonahalep.ro/hotelsimonahalep.ro-full-2026-06-14-003154.zip,667623792,t,t,,passed,f,325,,t,,2026-06-14 00:27:02,2026-06-14 00:32:27,,1,1,A
1659,27,2,hetzner_objectstorage,full,scheduled,completed,v3-zip,paulardeleanu.ro/paulardeleanu.ro-full-2026-06-14-003813.zip,3877180740,t,t,,passed,f,707,,t,,2026-06-14 00:30:00,2026-06-14 00:41:47,,1,1,A
1660,14,2,hetzner_objectstorage,full,scheduled,completed,v3-zip,florinpasat.com/florinpasat.com-full-2026-06-14-004210.zip,4196214545,t,t,,passed,f,954,,t,,2026-06-14 00:33:01,2026-06-14 00:48:55,,1,1,A
1661,19,2,hetzner_objectstorage,full,scheduled,completed,v3-zip,manuelasirbu.ro/manuelasirbu.ro-full-2026-06-14-003737.zip,607412225,t,t,,passed,f,139,,t,,2026-06-14 00:36:02,2026-06-14 00:38:21,,1,1,A
1662,13,2,hetzner_objectstorage,full,scheduled,completed,v3-zip,fastrackids.ro/fastrackids.ro-full-2026-06-14-004229.zip,1980145765,t,t,,passed,f,489,,t,,2026-06-14 00:39:01,2026-06-14 00:47:10,,1,1,A
1663,25,2,hetzner_objectstorage,full,scheduled,completed,v3-zip,premiumstone.ro/premiumstone.ro-full-2026-06-14-004359.zip,519057241,t,t,,passed,f,232,,t,,2026-06-14 00:42:00,2026-06-14 00:45:52,,1,1,A
1664,24,2,hetzner_objectstorage,full,scheduled,completed,v3-zip,isor.ro/isor.ro-full-2026-06-14-004901.zip,2736296627,t,t,,passed,f,315,,t,,2026-06-14 00:46:06,2026-06-14 00:51:21,,1,1,A
1667,17,2,hetzner_objectstorage,full,scheduled,completed,v3-zip,georgianaungureanu.ro/georgianaungureanu.ro-full-2026-06-14-021845.zip,1044876000,t,f,,passed,f,411,,t,,2026-06-14 02:15:02,2026-06-14 02:21:53,,1,1,A
1668,32,2,hetzner_objectstorage,full,scheduled,completed,v3-zip,feaagalati.ro/feaagalati.ro-full-2026-06-14-030104.zip,432977533,t,t,,passed,f,130,,t,,2026-06-14 03:00:01,2026-06-14 03:02:11,,1,1,A
1671,33,2,hetzner_objectstorage,full,scheduled,completed,v3-zip,ehvac.ro/ehvac.ro-full-2026-06-15-001114.zip,1462609273,t,t,,passed,f,787,,t,,2026-06-15 00:00:02,2026-06-15 00:13:09,,1,1,A
1672,15,2,hetzner_objectstorage,full,scheduled,completed,v3-zip,rollshape.ro/rollshape.ro-full-2026-06-15-000416.zip,571525261,t,t,,passed,f,107,,t,,2026-06-15 00:03:01,2026-06-15 00:04:48,,1,1,A
1673,28,2,hetzner_objectstorage,full,scheduled,completed,v3-zip,metabolika.ro/metabolika.ro-full-2026-06-15-000724.zip,817813405,t,t,,passed,f,129,,t,,2026-06-15 00:06:01,2026-06-15 00:08:10,,1,1,A
1674,18,2,hetzner_objectstorage,full,scheduled,completed,v3-zip,hotelsimonahalep.ro/hotelsimonahalep.ro-full-2026-06-15-000955.zip,667629737,t,t,,passed,f,177,,t,,2026-06-15 00:09:00,2026-06-15 00:11:57,,1,1,A
1675,19,2,hetzner_objectstorage,full,scheduled,completed,v3-zip,manuelasirbu.ro/manuelasirbu.ro-full-2026-06-15-001338.zip,607690870,t,t,,passed,f,130,,t,,2026-06-15 00:12:03,2026-06-15 00:14:13,,1,1,A
1677,27,2,hetzner_objectstorage,full,scheduled,completed,v3-zip,paulardeleanu.ro/paulardeleanu.ro-full-2026-06-15-002447.zip,3877610702,t,t,,passed,f,905,,t,,2026-06-15 00:18:00,2026-06-15 00:33:05,,1,1,A
1678,16,2,hetzner_objectstorage,full,scheduled,completed,v3-zip,priority-clinic.ro/priority-clinic.ro-full-2026-06-15-002411.zip,2220814757,t,t,,passed,f,458,,t,,2026-06-15 00:21:02,2026-06-15 00:28:40,,1,1,A
1679,25,2,hetzner_objectstorage,full,scheduled,completed,v3-zip,premiumstone.ro/premiumstone.ro-full-2026-06-15-002539.zip,519945384,t,t,,passed,f,219,,t,,2026-06-15 00:24:02,2026-06-15 00:27:41,,1,1,A
1680,12,2,hetzner_objectstorage,full,scheduled,completed,v3-zip,matematica-interactiva.ro/matematica-interactiva.ro-full-2026-06-15-003206.zip,1598932643,t,t,,passed,f,432,,t,,2026-06-15 00:27:53,2026-06-15 00:35:05,,1,1,A
1681,22,2,hetzner_objectstorage,full,scheduled,completed,v3-zip,pallady.ichb.ro/pallady.ichb.ro-full-2026-06-15-003218.zip,1303127113,t,t,,passed,f,291,,t,,2026-06-15 00:30:00,2026-06-15 00:34:51,,1,1,A
1682,13,2,hetzner_objectstorage,full,scheduled,completed,v3-zip,fastrackids.ro/fastrackids.ro-full-2026-06-15-003602.zip,1980159434,t,t,,passed,f,296,,t,,2026-06-15 00:33:24,2026-06-15 00:38:20,,1,1,A
1683,29,2,hetzner_objectstorage,full,scheduled,completed,v3-zip,marketingdeck.com/marketingdeck.com-full-2026-06-15-003717.zip,806588590,t,t,,passed,f,146,,t,,2026-06-15 00:36:01,2026-06-15 00:38:27,,1,1,A
1684,14,2,hetzner_objectstorage,full,scheduled,completed,v3-zip,florinpasat.com/florinpasat.com-full-2026-06-15-004758.zip,4197468235,t,t,,passed,f,876,,t,,2026-06-15 00:39:00,2026-06-15 00:53:36,,1,1,A
1685,17,2,hetzner_objectstorage,full,scheduled,completed,v3-zip,georgianaungureanu.ro/georgianaungureanu.ro-full-2026-06-15-004536.zip,1045122639,t,f,,passed,f,307,,t,,2026-06-15 00:42:02,2026-06-15 00:47:09,,1,1,A
1686,24,2,hetzner_objectstorage,full,scheduled,completed,v3-zip,isor.ro/isor.ro-full-2026-06-15-004755.zip,2736297425,t,t,,passed,f,435,,t,,2026-06-15 00:45:02,2026-06-15 00:52:17,,1,1,A
1689,17,2,hetzner_objectstorage,full,scheduled,completed,v3-zip,georgianaungureanu.ro/georgianaungureanu.ro-full-2026-06-15-024529.zip,1045154525,t,f,,passed,f,313,,t,,2026-06-15 02:42:04,2026-06-15 02:47:17,,1,1,A
1690,32,2,hetzner_objectstorage,full,scheduled,completed,v3-zip,feaagalati.ro/feaagalati.ro-full-2026-06-15-030055.zip,432991304,t,t,,passed,f,102,,t,,2026-06-15 03:00:01,2026-06-15 03:01:43,,1,1,A
1693,15,2,hetzner_objectstorage,full,scheduled,completed,v3-zip,rollshape.ro/rollshape.ro-full-2026-06-16-000118.zip,571768218,t,t,,passed,f,116,,t,,2026-06-16 00:00:01,2026-06-16 00:01:57,,1,1,A
1694,13,2,hetzner_objectstorage,full,scheduled,completed,v3-zip,fastrackids.ro/fastrackids.ro-full-2026-06-16-000538.zip,1980172656,t,t,,passed,f,287,,t,,2026-06-16 00:03:00,2026-06-16 00:07:47,,1,1,A
1695,28,2,hetzner_objectstorage,full,scheduled,completed,v3-zip,metabolika.ro/metabolika.ro-full-2026-06-16-000738.zip,817927706,t,t,,passed,f,152,,t,,2026-06-16 00:06:02,2026-06-16 00:08:34,,1,1,A
1696,18,2,hetzner_objectstorage,full,scheduled,completed,v3-zip,hotelsimonahalep.ro/hotelsimonahalep.ro-full-2026-06-16-000956.zip,667634941,t,t,,passed,f,91,,t,,2026-06-16 00:09:01,2026-06-16 00:10:32,,1,1,A
1697,29,2,hetzner_objectstorage,full,scheduled,completed,v3-zip,marketingdeck.com/marketingdeck.com-full-2026-06-16-001314.zip,806590950,t,t,,passed,f,135,,t,,2026-06-16 00:12:02,2026-06-16 00:14:17,,1,1,A
1698,33,2,hetzner_objectstorage,full,scheduled,completed,v3-zip,ehvac.ro/ehvac.ro-full-2026-06-16-002620.zip,1462749215,t,t,,passed,f,784,,t,,2026-06-16 00:15:01,2026-06-16 00:28:05,,1,1,A
1699,19,2,hetzner_objectstorage,full,scheduled,completed,v3-zip,manuelasirbu.ro/manuelasirbu.ro-full-2026-06-16-001931.zip,607964491,t,t,,passed,f,134,,t,,2026-06-16 00:18:02,2026-06-16 00:20:16,,1,1,A
1701,14,2,hetzner_objectstorage,full,scheduled,completed,v3-zip,florinpasat.com/florinpasat.com-full-2026-06-16-003306.zip,4199149966,t,t,,passed,f,951,,t,,2026-06-16 00:24:03,2026-06-16 00:39:54,,1,1,A
1702,25,2,hetzner_objectstorage,full,scheduled,completed,v3-zip,premiumstone.ro/premiumstone.ro-full-2026-06-16-002950.zip,513311567,t,t,,passed,f,128,,t,,2026-06-16 00:28:19,2026-06-16 00:30:27,,1,1,A
1703,16,2,hetzner_objectstorage,full,scheduled,completed,v3-zip,priority-clinic.ro/priority-clinic.ro-full-2026-06-16-003308.zip,2220778807,t,t,,passed,f,474,,t,,2026-06-16 00:30:01,2026-06-16 00:37:55,,1,1,A
1704,27,2,hetzner_objectstorage,full,scheduled,completed,v3-zip,paulardeleanu.ro/paulardeleanu.ro-full-2026-06-16-004024.zip,3877664433,t,t,,passed,f,872,,t,,2026-06-16 00:33:01,2026-06-16 00:47:33,,1,1,A
1705,17,2,hetzner_objectstorage,full,scheduled,completed,v3-zip,georgianaungureanu.ro/georgianaungureanu.ro-full-2026-06-16-004143.zip,1029878168,t,f,,passed,f,497,,t,,2026-06-16 00:38:11,2026-06-16 00:46:28,,1,1,A
1706,22,2,hetzner_objectstorage,full,scheduled,completed,v3-zip,pallady.ichb.ro/pallady.ichb.ro-full-2026-06-16-004234.zip,1303408468,t,t,,passed,f,397,,t,,2026-06-16 00:40:00,2026-06-16 00:46:37,,1,1,A
1707,12,2,hetzner_objectstorage,full,scheduled,completed,v3-zip,matematica-interactiva.ro/matematica-interactiva.ro-full-2026-06-16-005131.zip,1667290874,t,t,,passed,f,432,,t,,2026-06-16 00:46:40,2026-06-16 00:53:52,,1,1,A
1708,24,2,hetzner_objectstorage,full,scheduled,completed,v3-zip,isor.ro/isor.ro-full-2026-06-16-004941.zip,2736296655,t,t,,passed,f,350,,t,,2026-06-16 00:46:50,2026-06-16 00:52:40,,1,1,A
1711,17,2,hetzner_objectstorage,full,scheduled,completed,v3-zip,georgianaungureanu.ro/georgianaungureanu.ro-full-2026-06-16-024149.zip,1029908001,t,f,,passed,f,334,,t,,2026-06-16 02:38:11,2026-06-16 02:43:45,,1,1,A
1712,32,2,hetzner_objectstorage,full,scheduled,completed,v3-zip,feaagalati.ro/feaagalati.ro-full-2026-06-16-030053.zip,432976437,t,t,,passed,f,120,,t,,2026-06-16 03:00:01,2026-06-16 03:02:01,,1,1,A
1715,27,2,hetzner_objectstorage,full,scheduled,completed,v3-zip,paulardeleanu.ro/paulardeleanu.ro-full-2026-06-17-000640.zip,3877749156,t,t,,passed,f,778,,t,,2026-06-17 00:00:02,2026-06-17 00:13:00,,1,1,A
1716,12,2,hetzner_objectstorage,full,scheduled,completed,v3-zip,matematica-interactiva.ro/matematica-interactiva.ro-full-2026-06-17-000727.zip,1667517534,t,t,,passed,f,570,,t,,2026-06-17 00:03:00,2026-06-17 00:12:30,,1,1,A
1717,17,2,hetzner_objectstorage,full,scheduled,completed,v3-zip,georgianaungureanu.ro/georgianaungureanu.ro-full-2026-06-17-000947.zip,1031059698,t,f,,passed,f,380,,t,,2026-06-17 00:06:01,2026-06-17 00:12:21,,1,1,A
1718,29,2,hetzner_objectstorage,full,scheduled,completed,v3-zip,marketingdeck.com/marketingdeck.com-full-2026-06-17-001347.zip,806972956,t,t,,passed,f,146,,t,,2026-06-17 00:12:32,2026-06-17 00:14:58,,1,1,A
1719,19,2,hetzner_objectstorage,full,scheduled,completed,v3-zip,manuelasirbu.ro/manuelasirbu.ro-full-2026-06-17-001414.zip,608272363,t,t,,passed,f,144,,t,,2026-06-17 00:12:45,2026-06-17 00:15:09,,1,1,A
1720,33,2,hetzner_objectstorage,full,scheduled,completed,v3-zip,ehvac.ro/ehvac.ro-full-2026-06-17-002612.zip,1462953113,t,t,,passed,f,798,,t,,2026-06-17 00:15:00,2026-06-17 00:28:18,,1,1,A
1722,25,2,hetzner_objectstorage,full,scheduled,completed,v3-zip,premiumstone.ro/premiumstone.ro-full-2026-06-17-002234.zip,515483065,t,t,,passed,f,148,,t,,2026-06-17 00:21:02,2026-06-17 00:23:30,,1,1,A
1723,16,2,hetzner_objectstorage,full,scheduled,completed,v3-zip,priority-clinic.ro/priority-clinic.ro-full-2026-06-17-002713.zip,2221172241,t,t,,passed,f,391,,t,,2026-06-17 00:24:02,2026-06-17 00:30:33,,1,1,A
1724,14,2,hetzner_objectstorage,full,scheduled,completed,v3-zip,florinpasat.com/florinpasat.com-full-2026-06-17-003614.zip,4211095309,t,t,,passed,f,1072,,t,,2026-06-17 00:27:00,2026-06-17 00:44:52,,1,1,A
1725,15,2,hetzner_objectstorage,full,scheduled,completed,v3-zip,rollshape.ro/rollshape.ro-full-2026-06-17-003118.zip,572027967,t,t,,passed,f,124,,t,,2026-06-17 00:30:01,2026-06-17 00:32:05,,1,1,A
1726,13,2,hetzner_objectstorage,full,scheduled,completed,v3-zip,fastrackids.ro/fastrackids.ro-full-2026-06-17-003529.zip,1980183549,t,t,,passed,f,376,,t,,2026-06-17 00:33:00,2026-06-17 00:39:16,,1,1,A
1727,28,2,hetzner_objectstorage,full,scheduled,completed,v3-zip,metabolika.ro/metabolika.ro-full-2026-06-17-003737.zip,822067052,t,t,,passed,f,283,,t,,2026-06-17 00:36:00,2026-06-17 00:40:43,,1,1,A
1728,22,2,hetzner_objectstorage,full,scheduled,completed,v3-zip,pallady.ichb.ro/pallady.ichb.ro-full-2026-06-17-004149.zip,1303932747,t,t,,passed,f,247,,t,,2026-06-17 00:39:29,2026-06-17 00:43:36,,1,1,A
1729,18,2,hetzner_objectstorage,full,scheduled,completed,v3-zip,hotelsimonahalep.ro/hotelsimonahalep.ro-full-2026-06-17-004300.zip,668375822,t,t,,passed,f,154,,t,,2026-06-17 00:42:00,2026-06-17 00:44:34,,1,1,A
1730,24,2,hetzner_objectstorage,full,scheduled,completed,v3-zip,isor.ro/isor.ro-full-2026-06-17-004750.zip,2736300783,t,t,,passed,f,414,,t,,2026-06-17 00:45:00,2026-06-17 00:51:54,,1,1,A
1733,17,2,hetzner_objectstorage,full,scheduled,completed,v3-zip,georgianaungureanu.ro/georgianaungureanu.ro-full-2026-06-17-020937.zip,1031094921,t,f,,passed,f,326,,t,,2026-06-17 02:06:01,2026-06-17 02:11:27,,1,1,A
1734,32,2,hetzner_objectstorage,full,scheduled,completed,v3-zip,feaagalati.ro/feaagalati.ro-full-2026-06-17-030055.zip,432984490,t,t,,passed,f,109,,t,,2026-06-17 03:00:01,2026-06-17 03:01:50,,1,1,A
1738,17,2,hetzner_objectstorage,full,scheduled,completed,v3-zip,georgianaungureanu.ro/georgianaungureanu.ro-full-2026-06-18-000340.zip,1030937072,t,f,,passed,f,381,,t,,2026-06-18 00:00:02,2026-06-18 00:06:23,,1,1,A
1739,12,2,hetzner_objectstorage,full,scheduled,completed,v3-zip,matematica-interactiva.ro/matematica-interactiva.ro-full-2026-06-18-000714.zip,1667873185,t,t,,passed,f,410,,t,,2026-06-18 00:03:01,2026-06-18 00:09:51,,1,1,A
1740,30,2,hetzner_objectstorage,full,scheduled,completed,v3-zip,feco.ro/feco.ro-full-2026-06-18-001223.zip,858724956,t,t,,passed,f,505,,t,,2026-06-18 00:06:02,2026-06-18 00:14:27,,1,1,A
1741,27,2,hetzner_objectstorage,full,scheduled,completed,v3-zip,paulardeleanu.ro/paulardeleanu.ro-full-2026-06-18-001559.zip,3878169788,t,t,,passed,f,787,,t,,2026-06-18 00:09:01,2026-06-18 00:22:08,,1,1,A
1742,29,2,hetzner_objectstorage,full,scheduled,completed,v3-zip,marketingdeck.com/marketingdeck.com-full-2026-06-18-001317.zip,799236328,t,t,,passed,f,166,,t,,2026-06-18 00:12:00,2026-06-18 00:14:46,,1,1,A
1743,33,2,hetzner_objectstorage,full,scheduled,completed,v3-zip,ehvac.ro/ehvac.ro-full-2026-06-18-002619.zip,1463206086,t,t,,passed,f,847,,t,,2026-06-18 00:15:00,2026-06-18 00:29:07,,1,1,A
1744,19,2,hetzner_objectstorage,full,scheduled,completed,v3-zip,manuelasirbu.ro/manuelasirbu.ro-full-2026-06-18-001934.zip,608528381,t,t,,passed,f,183,,t,,2026-06-18 00:18:01,2026-06-18 00:21:04,,1,1,A
1745,16,2,hetzner_objectstorage,full,scheduled,completed,v3-zip,priority-clinic.ro/priority-clinic.ro-full-2026-06-18-002427.zip,2221506498,t,t,,passed,f,417,,t,,2026-06-18 00:21:18,2026-06-18 00:28:15,,1,1,A
1746,25,2,hetzner_objectstorage,full,scheduled,completed,v3-zip,premiumstone.ro/premiumstone.ro-full-2026-06-18-002538.zip,516087653,t,t,,passed,f,168,,t,,2026-06-18 00:24:02,2026-06-18 00:26:50,,1,1,A
1747,15,2,hetzner_objectstorage,full,scheduled,completed,v3-zip,rollshape.ro/rollshape.ro-full-2026-06-18-002820.zip,572280578,t,t,,passed,f,136,,t,,2026-06-18 00:27:02,2026-06-18 00:29:18,,1,1,A
1748,13,2,hetzner_objectstorage,full,scheduled,completed,v3-zip,fastrackids.ro/fastrackids.ro-full-2026-06-18-003248.zip,1980203240,t,t,,passed,f,341,,t,,2026-06-18 00:30:01,2026-06-18 00:35:42,,1,1,A
1749,28,2,hetzner_objectstorage,full,scheduled,completed,v3-zip,metabolika.ro/metabolika.ro-full-2026-06-18-003427.zip,822166957,t,t,,passed,f,180,,t,,2026-06-18 00:33:01,2026-06-18 00:36:01,,1,1,A
1750,22,2,hetzner_objectstorage,full,scheduled,completed,v3-zip,pallady.ichb.ro/pallady.ichb.ro-full-2026-06-18-003816.zip,1304203286,t,t,,passed,f,273,,t,,2026-06-18 00:36:00,2026-06-18 00:40:33,,1,1,A
1751,18,2,hetzner_objectstorage,full,scheduled,completed,v3-zip,hotelsimonahalep.ro/hotelsimonahalep.ro-full-2026-06-18-003957.zip,668381220,t,t,,passed,f,157,,t,,2026-06-18 00:39:00,2026-06-18 00:41:37,,1,1,A
1752,14,2,hetzner_objectstorage,full,scheduled,completed,v3-zip,florinpasat.com/florinpasat.com-full-2026-06-18-005122.zip,4211113422,t,t,,passed,f,918,,t,,2026-06-18 00:42:01,2026-06-18 00:57:19,,1,1,A
1753,24,2,hetzner_objectstorage,full,scheduled,completed,v3-zip,isor.ro/isor.ro-full-2026-06-18-004749.zip,2736262629,t,t,,passed,f,371,,t,,2026-06-18 00:45:02,2026-06-18 00:51:13,,1,1,A
1784,19,2,hetzner_objectstorage,full,scheduled,completed,v3-zip,manuelasirbu.ro/manuelasirbu.ro-full-2026-06-20-000130.zip,608449759,t,t,,passed,f,151,,t,,2026-06-20 00:00:01,2026-06-20 00:02:32,,1,1,A
1785,28,2,hetzner_objectstorage,full,scheduled,completed,v3-zip,metabolika.ro/metabolika.ro-full-2026-06-20-000421.zip,822295376,t,t,,passed,f,164,,t,,2026-06-20 00:03:01,2026-06-20 00:05:45,,1,1,A
1786,13,2,hetzner_objectstorage,full,scheduled,completed,v3-zip,fastrackids.ro/fastrackids.ro-full-2026-06-20-000915.zip,1971183360,t,t,,passed,f,361,,t,,2026-06-20 00:06:00,2026-06-20 00:12:01,,1,1,A
1787,18,2,hetzner_objectstorage,full,scheduled,completed,v3-zip,hotelsimonahalep.ro/hotelsimonahalep.ro-full-2026-06-20-001000.zip,668369985,t,t,,passed,f,131,,t,,2026-06-20 00:09:01,2026-06-20 00:11:12,,1,1,A
1788,27,2,hetzner_objectstorage,full,scheduled,completed,v3-zip,paulardeleanu.ro/paulardeleanu.ro-full-2026-06-20-001842.zip,3877340579,t,t,,passed,f,677,,t,,2026-06-20 00:12:01,2026-06-20 00:23:18,,1,1,A
1789,22,2,hetzner_objectstorage,full,scheduled,completed,v3-zip,pallady.ichb.ro/pallady.ichb.ro-full-2026-06-20-001716.zip,1305298371,t,t,,passed,f,271,,t,,2026-06-20 00:15:01,2026-06-20 00:19:32,,1,1,A
1790,14,2,hetzner_objectstorage,full,scheduled,completed,v3-zip,florinpasat.com/florinpasat.com-full-2026-06-20-002723.zip,4213869954,t,t,,passed,f,901,,t,,2026-06-20 00:18:02,2026-06-20 00:33:03,,1,1,A
1791,33,2,hetzner_objectstorage,full,scheduled,completed,v3-zip,ehvac.ro/ehvac.ro-full-2026-06-20-003235.zip,1463766671,t,t,,passed,f,859,,t,,2026-06-20 00:21:00,2026-06-20 00:35:19,,1,1,A
1792,29,2,hetzner_objectstorage,full,scheduled,completed,v3-zip,marketingdeck.com/marketingdeck.com-full-2026-06-20-002516.zip,799375850,t,t,,passed,f,133,,t,,2026-06-20 00:24:01,2026-06-20 00:26:14,,1,1,A
1793,16,2,hetzner_objectstorage,full,scheduled,completed,v3-zip,priority-clinic.ro/priority-clinic.ro-full-2026-06-20-003020.zip,2222729836,t,t,,passed,f,426,,t,,2026-06-20 00:27:00,2026-06-20 00:34:06,,1,1,A
1794,25,2,hetzner_objectstorage,full,scheduled,completed,v3-zip,premiumstone.ro/premiumstone.ro-full-2026-06-20-003447.zip,516973336,t,t,,passed,f,152,,t,,2026-06-20 00:33:13,2026-06-20 00:35:45,,1,1,A
1795,12,2,hetzner_objectstorage,full,scheduled,completed,v3-zip,matematica-interactiva.ro/matematica-interactiva.ro-full-2026-06-20-003902.zip,1667621987,t,t,,passed,f,399,,t,,2026-06-20 00:34:25,2026-06-20 00:41:04,,1,1,A
1796,15,2,hetzner_objectstorage,full,scheduled,completed,v3-zip,rollshape.ro/rollshape.ro-full-2026-06-20-003719.zip,572897768,t,t,,passed,f,120,,t,,2026-06-20 00:36:01,2026-06-20 00:38:01,,1,1,A
1797,30,2,hetzner_objectstorage,full,scheduled,completed,v3-zip,feco.ro/feco.ro-full-2026-06-20-004515.zip,864461762,t,t,,passed,f,475,,t,,2026-06-20 00:39:01,2026-06-20 00:46:56,,1,1,A
1798,17,2,hetzner_objectstorage,full,scheduled,completed,v3-zip,georgianaungureanu.ro/georgianaungureanu.ro-full-2026-06-20-004539.zip,1031984427,t,f,,passed,f,353,,t,,2026-06-20 00:42:00,2026-06-20 00:47:53,,1,1,A
1799,24,2,hetzner_objectstorage,full,scheduled,completed,v3-zip,isor.ro/isor.ro-full-2026-06-20-004802.zip,2736467686,t,t,,passed,f,422,,t,,2026-06-20 00:45:02,2026-06-20 00:52:04,,1,1,A
1801,3,2,hetzner_objectstorage,full,scheduled,failed,v2-zip,,,f,f,,never_tested,f,671,,f,,2026-06-20 01:03:02,2026-06-20 01:14:13,Per-part upload failed: cURL error 28: Operation timed out after 90002 milliseconds with 0 bytes received (see https://c,,,D
1803,17,2,hetzner_objectstorage,full,scheduled,completed,v3-zip,georgianaungureanu.ro/georgianaungureanu.ro-full-2026-06-20-024527.zip,1032046545,t,f,,passed,f,308,,t,,2026-06-20 02:42:02,2026-06-20 02:47:10,,1,1,A
1804,32,2,hetzner_objectstorage,full,scheduled,completed,v3-zip,feaagalati.ro/feaagalati.ro-full-2026-06-20-030054.zip,434182176,t,t,,passed,f,196,,t,,2026-06-20 03:00:00,2026-06-20 03:03:16,,1,1,A
1807,22,2,hetzner_objectstorage,full,scheduled,completed,v3-zip,pallady.ichb.ro/pallady.ichb.ro-full-2026-06-21-000230.zip,1305507399,t,t,,passed,f,261,,t,,2026-06-21 00:00:03,2026-06-21 00:04:24,,1,1,A
1808,27,2,hetzner_objectstorage,full,scheduled,completed,v3-zip,paulardeleanu.ro/paulardeleanu.ro-full-2026-06-21-000952.zip,3878802492,t,t,,passed,f,852,,t,,2026-06-21 00:03:00,2026-06-21 00:17:12,,1,1,A
1809,29,2,hetzner_objectstorage,full,scheduled,completed,v3-zip,marketingdeck.com/marketingdeck.com-full-2026-06-21-000715.zip,799378915,t,t,,passed,f,154,,t,,2026-06-21 00:06:02,2026-06-21 00:08:36,,1,1,A
1810,17,2,hetzner_objectstorage,full,scheduled,completed,v3-zip,georgianaungureanu.ro/georgianaungureanu.ro-full-2026-06-21-001239.zip,1032257769,t,f,,passed,f,416,,t,,2026-06-21 00:09:02,2026-06-21 00:15:58,,1,1,A
1811,14,2,hetzner_objectstorage,full,scheduled,completed,v3-zip,florinpasat.com/florinpasat.com-full-2026-06-21-002100.zip,4214971530,t,t,,passed,f,1032,,t,,2026-06-21 00:12:03,2026-06-21 00:29:15,,1,1,A
1812,16,2,hetzner_objectstorage,full,scheduled,completed,v3-zip,priority-clinic.ro/priority-clinic.ro-full-2026-06-21-001917.zip,2223030044,t,t,,passed,f,450,,t,,2026-06-21 00:16:10,2026-06-21 00:23:40,,1,1,A
1813,33,2,hetzner_objectstorage,full,scheduled,completed,v3-zip,ehvac.ro/ehvac.ro-full-2026-06-21-002945.zip,1460956414,t,t,,passed,f,869,,t,,2026-06-21 00:18:01,2026-06-21 00:32:30,,1,1,A
1814,19,2,hetzner_objectstorage,full,scheduled,completed,v3-zip,manuelasirbu.ro/manuelasirbu.ro-full-2026-06-21-002522.zip,609149634,t,t,,passed,f,179,,t,,2026-06-21 00:23:53,2026-06-21 00:26:52,,1,1,A
1815,25,2,hetzner_objectstorage,full,scheduled,completed,v3-zip,premiumstone.ro/premiumstone.ro-full-2026-06-21-002837.zip,517135264,t,t,,passed,f,141,,t,,2026-06-21 00:27:05,2026-06-21 00:29:26,,1,1,A
1816,28,2,hetzner_objectstorage,full,scheduled,completed,v3-zip,metabolika.ro/metabolika.ro-full-2026-06-21-003046.zip,822355483,t,t,,passed,f,178,,t,,2026-06-21 00:29:20,2026-06-21 00:32:18,,1,1,A
1817,15,2,hetzner_objectstorage,full,scheduled,completed,v3-zip,rollshape.ro/rollshape.ro-full-2026-06-21-003124.zip,573128342,t,t,,passed,f,161,,t,,2026-06-21 00:30:02,2026-06-21 00:32:43,,1,1,A
1818,18,2,hetzner_objectstorage,full,scheduled,completed,v3-zip,hotelsimonahalep.ro/hotelsimonahalep.ro-full-2026-06-21-003356.zip,668407642,t,t,,passed,f,98,,t,,2026-06-21 00:33:00,2026-06-21 00:34:38,,1,1,A
1819,12,2,hetzner_objectstorage,full,scheduled,completed,v3-zip,matematica-interactiva.ro/matematica-interactiva.ro-full-2026-06-21-004008.zip,1667627838,t,t,,passed,f,403,,t,,2026-06-21 00:36:00,2026-06-21 00:42:43,,1,1,A
1820,13,2,hetzner_objectstorage,full,scheduled,completed,v3-zip,fastrackids.ro/fastrackids.ro-full-2026-06-21-004133.zip,1971600700,t,t,,passed,f,333,,t,,2026-06-21 00:39:01,2026-06-21 00:44:34,,1,1,A
1821,30,2,hetzner_objectstorage,full,scheduled,completed,v3-zip,feco.ro/feco.ro-full-2026-06-21-004832.zip,861311736,t,t,,passed,f,497,,t,,2026-06-21 00:42:02,2026-06-21 00:50:19,,1,1,A
1822,24,2,hetzner_objectstorage,full,scheduled,completed,v3-zip,isor.ro/isor.ro-full-2026-06-21-004745.zip,2736697914,t,t,,passed,f,438,,t,,2026-06-21 00:45:00,2026-06-21 00:52:18,,1,1,A
1825,17,2,hetzner_objectstorage,full,scheduled,completed,v3-zip,georgianaungureanu.ro/georgianaungureanu.ro-full-2026-06-21-021242.zip,1032289333,t,f,,passed,f,323,,t,,2026-06-21 02:09:04,2026-06-21 02:14:27,,1,1,A
1826,32,2,hetzner_objectstorage,full,scheduled,completed,v3-zip,feaagalati.ro/feaagalati.ro-full-2026-06-21-030055.zip,434100914,t,t,,passed,f,167,,t,,2026-06-21 03:00:00,2026-06-21 03:02:47,,1,1,A
1829,25,2,hetzner_objectstorage,full,scheduled,completed,v3-zip,premiumstone.ro/premiumstone.ro-full-2026-06-22-000133.zip,516494027,t,t,,passed,f,146,,t,,2026-06-22 00:00:01,2026-06-22 00:02:27,,1,1,A
1830,22,2,hetzner_objectstorage,full,scheduled,completed,v3-zip,pallady.ichb.ro/pallady.ichb.ro-full-2026-06-22-000519.zip,1305551590,t,t,,passed,f,261,,t,,2026-06-22 00:03:00,2026-06-22 00:07:21,,1,1,A
1831,29,2,hetzner_objectstorage,full,scheduled,completed,v3-zip,marketingdeck.com/marketingdeck.com-full-2026-06-22-000712.zip,799374414,t,t,,passed,f,144,,t,,2026-06-22 00:06:01,2026-06-22 00:08:25,,1,1,A
1832,28,2,hetzner_objectstorage,full,scheduled,failed,v2-zip,,,f,f,,never_tested,f,40,,f,,2026-06-22 00:09:00,2026-06-22 00:09:40,"Stream download failed (HTTP 522): error code: 522
",,,D
1833,28,2,hetzner_objectstorage,full,scheduled,failed,v2-zip,,,f,f,,never_tested,f,53,,f,,2026-06-22 00:11:40,2026-06-22 00:12:33,Chunked prepare-init failed: HTTP 522,,,D
1834,33,2,hetzner_objectstorage,full,scheduled,completed,v3-zip,ehvac.ro/ehvac.ro-full-2026-06-22-002308.zip,1460943016,t,t,,passed,f,790,,t,,2026-06-22 00:12:02,2026-06-22 00:25:12,,1,1,A
1835,15,2,hetzner_objectstorage,full,scheduled,completed,v3-zip,rollshape.ro/rollshape.ro-full-2026-06-22-001618.zip,573380072,t,t,,passed,f,129,,t,,2026-06-22 00:15:00,2026-06-22 00:17:09,,1,1,A
1836,18,2,hetzner_objectstorage,full,scheduled,completed,v3-zip,hotelsimonahalep.ro/hotelsimonahalep.ro-full-2026-06-22-001856.zip,668414165,t,t,,passed,f,121,,t,,2026-06-22 00:18:01,2026-06-22 00:20:02,,1,1,A
1837,27,2,hetzner_objectstorage,full,scheduled,completed,v3-zip,paulardeleanu.ro/paulardeleanu.ro-full-2026-06-22-002754.zip,3878896241,t,t,,passed,f,911,,t,,2026-06-22 00:21:02,2026-06-22 00:36:13,,1,1,A
1838,12,2,hetzner_objectstorage,full,scheduled,completed,v3-zip,matematica-interactiva.ro/matematica-interactiva.ro-full-2026-06-22-002809.zip,1667630260,t,t,,passed,f,521,,t,,2026-06-22 00:24:00,2026-06-22 00:32:41,,1,1,A
1839,16,2,hetzner_objectstorage,full,scheduled,completed,v3-zip,priority-clinic.ro/priority-clinic.ro-full-2026-06-22-003043.zip,2223244170,t,t,,passed,f,503,,t,,2026-06-22 00:27:01,2026-06-22 00:35:24,,1,1,A
1840,19,2,hetzner_objectstorage,full,scheduled,completed,v3-zip,manuelasirbu.ro/manuelasirbu.ro-full-2026-06-22-003437.zip,609411155,t,t,,passed,f,179,,t,,2026-06-22 00:33:02,2026-06-22 00:36:01,,1,1,A
1841,13,2,hetzner_objectstorage,full,scheduled,completed,v3-zip,fastrackids.ro/fastrackids.ro-full-2026-06-22-003810.zip,1995320191,t,t,,passed,f,301,,t,,2026-06-22 00:35:41,2026-06-22 00:40:42,,1,1,A
1842,14,2,hetzner_objectstorage,full,scheduled,completed,v3-zip,florinpasat.com/florinpasat.com-full-2026-06-22-004525.zip,4217417435,t,t,,passed,f,1188,,t,,2026-06-22 00:36:20,2026-06-22 00:56:08,,1,1,A
1843,30,2,hetzner_objectstorage,full,scheduled,completed,v3-zip,feco.ro/feco.ro-full-2026-06-22-004518.zip,861154796,t,t,,passed,f,555,,t,,2026-06-22 00:39:00,2026-06-22 00:48:15,,1,1,A
1844,17,2,hetzner_objectstorage,full,scheduled,completed,v3-zip,georgianaungureanu.ro/georgianaungureanu.ro-full-2026-06-22-004532.zip,1032534995,t,f,,passed,f,510,,t,,2026-06-22 00:42:00,2026-06-22 00:50:30,,1,1,A
1845,24,2,hetzner_objectstorage,full,scheduled,completed,v3-zip,isor.ro/isor.ro-full-2026-06-22-005123.zip,2736852129,t,t,,passed,f,485,,t,,2026-06-22 00:48:21,2026-06-22 00:56:26,,1,1,A
1848,17,2,hetzner_objectstorage,full,scheduled,completed,v3-zip,georgianaungureanu.ro/georgianaungureanu.ro-full-2026-06-22-024535.zip,1032568798,t,f,,passed,f,326,,t,,2026-06-22 02:42:00,2026-06-22 02:47:26,,1,1,A
1849,32,2,hetzner_objectstorage,full,scheduled,completed,v3-zip,feaagalati.ro/feaagalati.ro-full-2026-06-22-030056.zip,434093214,t,t,,passed,f,134,,t,,2026-06-22 03:00:02,2026-06-22 03:02:16,,1,1,A
1852,25,2,hetzner_objectstorage,full,scheduled,completed,v3-zip,premiumstone.ro/premiumstone.ro-full-2026-06-23-000130.zip,518449601,t,t,,passed,f,132,,t,,2026-06-23 00:00:01,2026-06-23 00:02:13,,1,1,A
1853,13,2,hetzner_objectstorage,full,scheduled,completed,v3-zip,fastrackids.ro/fastrackids.ro-full-2026-06-23-000539.zip,1995470425,t,t,,passed,f,346,,t,,2026-06-23 00:03:00,2026-06-23 00:08:46,,1,1,A
1854,22,2,hetzner_objectstorage,full,scheduled,completed,v3-zip,pallady.ichb.ro/pallady.ichb.ro-full-2026-06-23-000831.zip,1305756461,t,t,,passed,f,260,,t,,2026-06-23 00:06:01,2026-06-23 00:10:21,,1,1,A
1855,29,2,hetzner_objectstorage,full,scheduled,completed,v3-zip,marketingdeck.com/marketingdeck.com-full-2026-06-23-001016.zip,799694745,t,t,,passed,f,142,,t,,2026-06-23 00:09:01,2026-06-23 00:11:23,,1,1,A
1856,28,2,hetzner_objectstorage,full,scheduled,failed,v2-zip,,,f,f,,never_tested,f,112,,f,,2026-06-23 00:12:00,2026-06-23 00:13:52,"Stream download failed (HTTP 522): error code: 522
",,,D
1857,30,2,hetzner_objectstorage,full,scheduled,completed,v3-zip,feco.ro/feco.ro-full-2026-06-23-002121.zip,855770462,t,t,,passed,f,472,,t,,2026-06-23 00:15:00,2026-06-23 00:22:52,,1,1,A
1858,28,2,hetzner_objectstorage,full,scheduled,failed,v2-zip,,,f,f,,never_tested,f,298,,f,,2026-06-23 00:15:52,2026-06-23 00:20:50,"Stream download failed (HTTP 522): error code: 522
",,,D
1859,15,2,hetzner_objectstorage,full,scheduled,completed,v3-zip,rollshape.ro/rollshape.ro-full-2026-06-23-001920.zip,573638527,t,t,,passed,f,137,,t,,2026-06-23 00:18:02,2026-06-23 00:20:19,,1,1,A
1860,18,2,hetzner_objectstorage,full,scheduled,completed,v3-zip,hotelsimonahalep.ro/hotelsimonahalep.ro-full-2026-06-23-002158.zip,668420045,t,t,,passed,f,145,,t,,2026-06-23 00:21:00,2026-06-23 00:23:25,,1,1,A
1861,33,2,hetzner_objectstorage,full,scheduled,completed,v3-zip,ehvac.ro/ehvac.ro-full-2026-06-23-003516.zip,1460415676,t,t,,passed,f,886,,t,,2026-06-23 00:24:01,2026-06-23 00:38:47,,1,1,A
1862,14,2,hetzner_objectstorage,full,scheduled,completed,v3-zip,florinpasat.com/florinpasat.com-full-2026-06-23-003557.zip,4218914129,t,t,,passed,f,1018,,t,,2026-06-23 00:27:02,2026-06-23 00:44:00,,1,1,A
1863,12,2,hetzner_objectstorage,full,scheduled,completed,v3-zip,matematica-interactiva.ro/matematica-interactiva.ro-full-2026-06-23-003415.zip,1667844419,t,t,,passed,f,442,,t,,2026-06-23 00:30:02,2026-06-23 00:37:24,,1,1,A
1864,16,2,hetzner_objectstorage,full,scheduled,completed,v3-zip,priority-clinic.ro/priority-clinic.ro-full-2026-06-23-004114.zip,2223556831,t,t,,passed,f,426,,t,,2026-06-23 00:37:49,2026-06-23 00:44:55,,1,1,A
1865,19,2,hetzner_objectstorage,full,scheduled,completed,v3-zip,manuelasirbu.ro/manuelasirbu.ro-full-2026-06-23-004030.zip,609705194,t,t,,passed,f,170,,t,,2026-06-23 00:38:59,2026-06-23 00:41:49,,1,1,A
1866,27,2,hetzner_objectstorage,full,scheduled,completed,v3-zip,paulardeleanu.ro/paulardeleanu.ro-full-2026-06-23-004948.zip,3879303193,t,t,,passed,f,840,,t,,2026-06-23 00:42:48,2026-06-23 00:56:48,,1,1,A
1867,17,2,hetzner_objectstorage,full,scheduled,completed,v3-zip,georgianaungureanu.ro/georgianaungureanu.ro-full-2026-06-23-004738.zip,1032807421,t,f,,passed,f,454,,t,,2026-06-23 00:44:06,2026-06-23 00:51:40,,1,1,A
1868,24,2,hetzner_objectstorage,full,scheduled,completed,v3-zip,isor.ro/isor.ro-full-2026-06-23-004805.zip,2736854862,t,t,,passed,f,554,,t,,2026-06-23 00:45:10,2026-06-23 00:54:24,,1,1,A
1871,17,2,hetzner_objectstorage,full,scheduled,completed,v3-zip,georgianaungureanu.ro/georgianaungureanu.ro-full-2026-06-23-024741.zip,1032842753,t,f,,passed,f,418,,t,,2026-06-23 02:44:06,2026-06-23 02:51:04,,1,1,A
1872,32,2,hetzner_objectstorage,full,scheduled,completed,v3-zip,feaagalati.ro/feaagalati.ro-full-2026-06-23-030054.zip,434112731,t,t,,passed,f,174,,t,,2026-06-23 03:00:02,2026-06-23 03:02:56,,1,1,A
1875,16,2,hetzner_objectstorage,full,scheduled,completed,v3-zip,priority-clinic.ro/priority-clinic.ro-full-2026-06-24-000308.zip,2223854687,t,t,,passed,f,586,,t,,2026-06-24 00:00:01,2026-06-24 00:09:47,,1,1,A
1876,27,2,hetzner_objectstorage,full,scheduled,completed,v3-zip,paulardeleanu.ro/paulardeleanu.ro-full-2026-06-24-000956.zip,3879385737,t,t,,passed,f,1066,,t,,2026-06-24 00:03:02,2026-06-24 00:20:48,,1,1,A
1877,28,2,hetzner_objectstorage,full,scheduled,failed,v2-zip,,,f,f,,never_tested,f,127,,f,,2026-06-24 00:06:00,2026-06-24 00:08:07,Files chunk 2 exec failed: HTTP 522,,,D
1878,29,2,hetzner_objectstorage,full,scheduled,completed,v3-zip,marketingdeck.com/marketingdeck.com-full-2026-06-24-001017.zip,799701148,t,t,,passed,f,231,,t,,2026-06-24 00:09:01,2026-06-24 00:12:52,,1,1,A
1879,28,2,hetzner_objectstorage,full,scheduled,failed,v2-zip,,,f,f,,never_tested,f,34,,f,,2026-06-24 00:10:09,2026-06-24 00:10:43,Chunked prepare-init failed: HTTP 500,,,D
1880,17,2,hetzner_objectstorage,full,scheduled,completed,v3-zip,georgianaungureanu.ro/georgianaungureanu.ro-full-2026-06-24-001532.zip,1033098900,t,f,,passed,f,422,,t,,2026-06-24 00:12:01,2026-06-24 00:19:03,,1,1,A
1881,15,2,hetzner_objectstorage,full,scheduled,completed,v3-zip,rollshape.ro/rollshape.ro-full-2026-06-24-001620.zip,573889113,t,t,,passed,f,172,,t,,2026-06-24 00:15:01,2026-06-24 00:17:53,,1,1,A
1882,30,2,hetzner_objectstorage,full,scheduled,completed,v3-zip,feco.ro/feco.ro-full-2026-06-24-002453.zip,865601372,t,t,,passed,f,527,,t,,2026-06-24 00:18:06,2026-06-24 00:26:53,,1,1,A
1883,18,2,hetzner_objectstorage,full,scheduled,completed,v3-zip,hotelsimonahalep.ro/hotelsimonahalep.ro-full-2026-06-24-002157.zip,668111147,t,t,,passed,f,153,,t,,2026-06-24 00:21:02,2026-06-24 00:23:35,,1,1,A
1884,12,2,hetzner_objectstorage,full,scheduled,completed,v3-zip,matematica-interactiva.ro/matematica-interactiva.ro-full-2026-06-24-002827.zip,1667730073,t,t,,passed,f,614,,t,,2026-06-24 00:24:00,2026-06-24 00:34:14,,1,1,A
1885,33,2,hetzner_objectstorage,full,scheduled,completed,v3-zip,ehvac.ro/ehvac.ro-full-2026-06-24-003823.zip,1461001529,t,t,,passed,f,964,,t,,2026-06-24 00:27:01,2026-06-24 00:43:05,,1,1,A
1886,19,2,hetzner_objectstorage,full,scheduled,completed,v3-zip,manuelasirbu.ro/manuelasirbu.ro-full-2026-06-24-003134.zip,609956720,t,t,,passed,f,145,,t,,2026-06-24 00:30:01,2026-06-24 00:32:26,,1,1,A
1887,14,2,hetzner_objectstorage,full,scheduled,completed,v3-zip,florinpasat.com/florinpasat.com-full-2026-06-24-004156.zip,4219557294,t,t,,passed,f,1163,,t,,2026-06-24 00:33:00,2026-06-24 00:52:23,,1,1,A
1888,25,2,hetzner_objectstorage,full,scheduled,completed,v3-zip,premiumstone.ro/premiumstone.ro-full-2026-06-24-003732.zip,520641192,t,t,,passed,f,143,,t,,2026-06-24 00:36:00,2026-06-24 00:38:23,,1,1,A
1889,13,2,hetzner_objectstorage,full,scheduled,completed,v3-zip,fastrackids.ro/fastrackids.ro-full-2026-06-24-004129.zip,1995496124,t,t,,passed,f,509,,t,,2026-06-24 00:39:01,2026-06-24 00:47:30,,1,1,A
1890,22,2,hetzner_objectstorage,full,scheduled,completed,v3-zip,pallady.ichb.ro/pallady.ichb.ro-full-2026-06-24-004540.zip,1305818087,t,t,,passed,f,275,,t,,2026-06-24 00:43:24,2026-06-24 00:47:59,,1,1,A
1891,24,2,hetzner_objectstorage,full,scheduled,completed,v3-zip,isor.ro/isor.ro-full-2026-06-24-005058.zip,2737375283,t,t,,passed,f,560,,t,,2026-06-24 00:47:50,2026-06-24 00:57:10,,1,1,A
1894,17,2,hetzner_objectstorage,full,scheduled,completed,v3-zip,georgianaungureanu.ro/georgianaungureanu.ro-full-2026-06-24-021530.zip,1033140059,t,f,,passed,f,460,,t,,2026-06-24 02:12:01,2026-06-24 02:19:41,,1,1,A
1895,32,2,hetzner_objectstorage,full,scheduled,completed,v3-zip,feaagalati.ro/feaagalati.ro-full-2026-06-24-030057.zip,448466783,t,t,,passed,f,190,,t,,2026-06-24 03:00:01,2026-06-24 03:03:11,,1,1,A
1898,17,2,hetzner_objectstorage,full,scheduled,completed,v3-zip,georgianaungureanu.ro/georgianaungureanu.ro-full-2026-06-25-000340.zip,1033374741,t,f,,passed,f,438,,t,,2026-06-25 00:00:02,2026-06-25 00:07:20,,1,1,A
1899,18,2,hetzner_objectstorage,full,scheduled,completed,v3-zip,hotelsimonahalep.ro/hotelsimonahalep.ro-full-2026-06-25-000355.zip,668101112,t,t,,passed,f,181,,t,,2026-06-25 00:03:00,2026-06-25 00:06:01,,1,1,A
1900,30,2,hetzner_objectstorage,full,scheduled,completed,v3-zip,feco.ro/feco.ro-full-2026-06-25-001308.zip,867817135,t,t,,passed,f,588,,t,,2026-06-25 00:06:02,2026-06-25 00:15:50,,1,1,A
1901,19,2,hetzner_objectstorage,full,scheduled,completed,v3-zip,manuelasirbu.ro/manuelasirbu.ro-full-2026-06-25-001032.zip,610209233,t,t,,passed,f,212,,t,,2026-06-25 00:09:01,2026-06-25 00:12:33,,1,1,A
1902,16,2,hetzner_objectstorage,full,scheduled,completed,v3-zip,priority-clinic.ro/priority-clinic.ro-full-2026-06-25-001516.zip,2224110577,t,t,,passed,f,557,,t,,2026-06-25 00:12:02,2026-06-25 00:21:19,,1,1,A
1903,29,2,hetzner_objectstorage,full,scheduled,completed,v3-zip,marketingdeck.com/marketingdeck.com-full-2026-06-25-001617.zip,799693550,t,t,,passed,f,188,,t,,2026-06-25 00:15:00,2026-06-25 00:18:08,,1,1,A
1904,12,2,hetzner_objectstorage,full,scheduled,completed,v3-zip,matematica-interactiva.ro/matematica-interactiva.ro-full-2026-06-25-002222.zip,1667727179,t,t,,passed,f,566,,t,,2026-06-25 00:18:01,2026-06-25 00:27:27,,1,1,A
1905,15,2,hetzner_objectstorage,full,scheduled,completed,v3-zip,rollshape.ro/rollshape.ro-full-2026-06-25-002220.zip,574150234,t,t,,passed,f,201,,t,,2026-06-25 00:21:02,2026-06-25 00:24:23,,1,1,A
1906,25,2,hetzner_objectstorage,full,scheduled,completed,v3-zip,premiumstone.ro/premiumstone.ro-full-2026-06-25-002533.zip,514093237,t,t,,passed,f,197,,t,,2026-06-25 00:24:02,2026-06-25 00:27:19,,1,1,A
1907,27,2,hetzner_objectstorage,full,scheduled,completed,v3-zip,paulardeleanu.ro/paulardeleanu.ro-full-2026-06-25-003343.zip,3879735931,t,t,,passed,f,1265,,t,,2026-06-25 00:27:02,2026-06-25 00:48:07,,1,1,A
1908,33,2,hetzner_objectstorage,full,scheduled,completed,v3-zip,ehvac.ro/ehvac.ro-full-2026-06-25-004138.zip,1461557375,t,t,,passed,f,971,,t,,2026-06-25 00:30:01,2026-06-25 00:46:12,,1,1,A
1909,13,2,hetzner_objectstorage,full,scheduled,completed,v3-zip,fastrackids.ro/fastrackids.ro-full-2026-06-25-003550.zip,1995506559,t,t,,passed,f,635,,t,,2026-06-25 00:33:02,2026-06-25 00:43:37,,1,1,A
1910,22,2,hetzner_objectstorage,full,scheduled,completed,v3-zip,pallady.ichb.ro/pallady.ichb.ro-full-2026-06-25-004617.zip,1306205970,t,t,,passed,f,392,,t,,2026-06-25 00:43:59,2026-06-25 00:50:31,,1,1,A
1911,14,2,hetzner_objectstorage,full,scheduled,completed,v3-zip,florinpasat.com/florinpasat.com-full-2026-06-25-005527.zip,4218123530,t,t,,passed,f,1595,,t,,2026-06-25 00:46:24,2026-06-25 01:12:59,,1,1,A
1912,24,2,hetzner_objectstorage,full,scheduled,completed,v3-zip,isor.ro/isor.ro-full-2026-06-25-005211.zip,2737179186,t,t,,passed,f,720,,t,,2026-06-25 00:48:21,2026-06-25 01:00:21,,1,1,A
1914,3,2,hetzner_objectstorage,full,scheduled,failed,v2-zip,,,f,f,,never_tested,f,1153,,f,,2026-06-25 01:03:00,2026-06-25 01:22:13,Per-part upload failed: cURL error 28: Operation timed out after 90002 milliseconds with 0 bytes received (see https://c,,,D
1916,17,2,hetzner_objectstorage,full,scheduled,completed,v3-zip,georgianaungureanu.ro/georgianaungureanu.ro-full-2026-06-25-020329.zip,1033413539,t,f,,passed,f,375,,t,,2026-06-25 02:00:03,2026-06-25 02:06:18,,1,1,A
1917,32,2,hetzner_objectstorage,full,scheduled,completed,v3-zip,feaagalati.ro/feaagalati.ro-full-2026-06-25-030102.zip,448473324,t,t,,passed,f,175,,t,,2026-06-25 03:00:02,2026-06-25 03:02:57,,1,1,A
1918,37,2,hetzner_objectstorage,full,scheduled,failed,v2-zip,,,f,f,,never_tested,f,322,,f,,2026-06-25 03:03:03,2026-06-25 03:08:25,"An exception occurred while uploading parts to a multipart upload. The following parts had errors:
- Part 3: Error execu",,,D
1921,17,2,hetzner_objectstorage,full,scheduled,completed,v3-zip,georgianaungureanu.ro/georgianaungureanu.ro-full-2026-06-26-000336.zip,1033663606,t,f,,passed,f,390,,t,,2026-06-26 00:00:01,2026-06-26 00:06:31,,1,1,A
1922,16,2,hetzner_objectstorage,full,scheduled,completed,v3-zip,priority-clinic.ro/priority-clinic.ro-full-2026-06-26-000612.zip,2224387104,t,t,,passed,f,641,,t,,2026-06-26 00:03:00,2026-06-26 00:13:41,,1,1,A
1923,15,2,hetzner_objectstorage,full,scheduled,completed,v3-zip,rollshape.ro/rollshape.ro-full-2026-06-26-000721.zip,574403102,t,t,,passed,f,238,,t,,2026-06-26 00:06:01,2026-06-26 00:09:59,,1,1,A
1924,25,2,hetzner_objectstorage,full,scheduled,completed,v3-zip,premiumstone.ro/premiumstone.ro-full-2026-06-26-001037.zip,517808201,t,t,,passed,f,198,,t,,2026-06-26 00:09:01,2026-06-26 00:12:19,,1,1,A
1925,12,2,hetzner_objectstorage,full,scheduled,completed,v3-zip,matematica-interactiva.ro/matematica-interactiva.ro-full-2026-06-26-001625.zip,1667733120,t,t,,passed,f,398,,t,,2026-06-26 00:12:01,2026-06-26 00:18:39,,1,1,A
1926,13,2,hetzner_objectstorage,full,scheduled,completed,v3-zip,fastrackids.ro/fastrackids.ro-full-2026-06-26-001748.zip,1995591099,t,t,,passed,f,353,,t,,2026-06-26 00:15:01,2026-06-26 00:20:54,,1,1,A
1927,33,2,hetzner_objectstorage,full,scheduled,completed,v3-zip,ehvac.ro/ehvac.ro-full-2026-06-26-002925.zip,1462435221,t,t,,passed,f,936,,t,,2026-06-26 00:18:01,2026-06-26 00:33:37,,1,1,A
1928,27,2,hetzner_objectstorage,full,scheduled,completed,v3-zip,paulardeleanu.ro/paulardeleanu.ro-full-2026-06-26-002742.zip,3880025615,t,t,,passed,f,1070,,t,,2026-06-26 00:21:00,2026-06-26 00:38:50,,1,1,A
1929,22,2,hetzner_objectstorage,full,scheduled,completed,v3-zip,pallady.ichb.ro/pallady.ichb.ro-full-2026-06-26-002618.zip,1306279983,t,t,,passed,f,210,,t,,2026-06-26 00:24:02,2026-06-26 00:27:32,,1,1,A
1930,14,2,hetzner_objectstorage,full,scheduled,completed,v3-zip,florinpasat.com/florinpasat.com-full-2026-06-26-003713.zip,4221315713,t,t,,passed,f,1001,,t,,2026-06-26 00:27:44,2026-06-26 00:44:25,,1,1,A
1931,18,2,hetzner_objectstorage,full,scheduled,completed,v3-zip,hotelsimonahalep.ro/hotelsimonahalep.ro-full-2026-06-26-003447.zip,668101862,t,t,,passed,f,145,,t,,2026-06-26 00:33:52,2026-06-26 00:36:17,,1,1,A
1932,19,2,hetzner_objectstorage,full,scheduled,completed,v3-zip,manuelasirbu.ro/manuelasirbu.ro-full-2026-06-26-003805.zip,610470166,t,t,,passed,f,209,,t,,2026-06-26 00:36:30,2026-06-26 00:39:59,,1,1,A
1933,30,2,hetzner_objectstorage,full,scheduled,completed,v3-zip,feco.ro/feco.ro-full-2026-06-26-004541.zip,875803366,t,t,,passed,f,601,,t,,2026-06-26 00:39:09,2026-06-26 00:49:10,,1,1,A
1934,29,2,hetzner_objectstorage,full,scheduled,completed,v3-zip,marketingdeck.com/marketingdeck.com-full-2026-06-26-004140.zip,800021890,t,t,,passed,f,161,,t,,2026-06-26 00:40:20,2026-06-26 00:43:01,,1,1,A
1935,24,2,hetzner_objectstorage,full,scheduled,completed,v3-zip,isor.ro/isor.ro-full-2026-06-26-004643.zip,2737176313,t,t,,passed,f,468,,t,,2026-06-26 00:43:14,2026-06-26 00:51:02,,1,1,A
1937,3,2,hetzner_objectstorage,full,scheduled,failed,v2-zip,,,f,f,,never_tested,f,868,,f,,2026-06-26 01:03:00,2026-06-26 01:17:28,Per-part upload failed: cURL error 28: Operation timed out after 90002 milliseconds with 0 bytes received (see https://c,,,D
1938,3,2,hetzner_objectstorage,full,scheduled,failed,v2-zip,,,f,f,,never_tested,f,603,,f,,2026-06-26 01:19:29,2026-06-26 01:29:32,Per-part upload failed: cURL error 28: Operation timed out after 90002 milliseconds with 0 bytes received (see https://c,,,D
1939,17,2,hetzner_objectstorage,full,scheduled,failed,v2-zip,,,f,f,,never_tested,f,583,,f,,2026-06-26 02:00:01,2026-06-26 02:09:44,"An exception occurred while uploading parts to a multipart upload. The following parts had errors:
- Part 19: Error exec",,,D
1940,32,2,hetzner_objectstorage,full,scheduled,completed,v3-zip,feaagalati.ro/feaagalati.ro-full-2026-06-26-030102.zip,448485639,t,t,,passed,f,307,,t,,2026-06-26 03:00:01,2026-06-26 03:05:08,,1,1,A
1941,37,2,hetzner_objectstorage,full,scheduled,failed,v2-zip,,,f,f,,never_tested,f,451,,f,,2026-06-26 03:03:02,2026-06-26 03:10:33,"An exception occurred while uploading parts to a multipart upload. The following parts had errors:
- Part 6: Error execu",,,D
1944,18,2,hetzner_objectstorage,full,scheduled,completed,v3-zip,hotelsimonahalep.ro/hotelsimonahalep.ro-full-2026-06-27-000057.zip,668102035,t,t,,passed,f,106,,t,,2026-06-27 00:00:01,2026-06-27 00:01:47,,1,1,A
1945,15,2,hetzner_objectstorage,full,scheduled,completed,v3-zip,rollshape.ro/rollshape.ro-full-2026-06-27-000419.zip,574661896,t,t,,passed,f,126,,t,,2026-06-27 00:03:01,2026-06-27 00:05:07,,1,1,A
1946,25,2,hetzner_objectstorage,full,scheduled,completed,v3-zip,premiumstone.ro/premiumstone.ro-full-2026-06-27-000733.zip,519092997,t,t,,passed,f,166,,t,,2026-06-27 00:06:02,2026-06-27 00:08:48,,1,1,A
1947,27,2,hetzner_objectstorage,full,scheduled,completed,v3-zip,paulardeleanu.ro/paulardeleanu.ro-full-2026-06-27-001556.zip,3879834196,t,t,,passed,f,768,,t,,2026-06-27 00:09:00,2026-06-27 00:21:48,,1,1,A
1948,16,2,hetzner_objectstorage,full,scheduled,completed,v3-zip,priority-clinic.ro/priority-clinic.ro-full-2026-06-27-001517.zip,2224649146,t,t,,passed,f,424,,t,,2026-06-27 00:12:02,2026-06-27 00:19:06,,1,1,A
1949,12,2,hetzner_objectstorage,full,scheduled,failed,v2-zip,,,f,f,,never_tested,f,315,,f,,2026-06-27 00:15:02,2026-06-27 00:20:17,Stream download failed (HTTP 200): Recv failure: Connection reset by peer,,,D
1950,19,2,hetzner_objectstorage,full,scheduled,completed,v3-zip,manuelasirbu.ro/manuelasirbu.ro-full-2026-06-27-002049.zip,610535051,t,t,,passed,f,157,,t,,2026-06-27 00:19:18,2026-06-27 00:21:55,,1,1,A
1951,13,2,hetzner_objectstorage,full,scheduled,completed,v3-zip,fastrackids.ro/fastrackids.ro-full-2026-06-27-002341.zip,1995704824,t,t,,passed,f,308,,t,,2026-06-27 00:21:01,2026-06-27 00:26:09,,1,1,A
1952,12,2,hetzner_objectstorage,full,scheduled,failed,v2-zip,,,f,f,,never_tested,f,457,,f,,2026-06-27 00:22:18,2026-06-27 00:29:55,Stream download failed (HTTP 200): Recv failure: Connection reset by peer,,,D
1953,29,2,hetzner_objectstorage,full,scheduled,completed,v3-zip,marketingdeck.com/marketingdeck.com-full-2026-06-27-002518.zip,800023029,t,t,,passed,f,143,,t,,2026-06-27 00:24:01,2026-06-27 00:26:24,,1,1,A
1954,14,2,hetzner_objectstorage,full,scheduled,completed,v3-zip,florinpasat.com/florinpasat.com-full-2026-06-27-003600.zip,4219386787,t,t,,passed,f,888,,t,,2026-06-27 00:27:01,2026-06-27 00:41:49,,1,1,A
1955,22,2,hetzner_objectstorage,full,scheduled,completed,v3-zip,pallady.ichb.ro/pallady.ichb.ro-full-2026-06-27-003548.zip,1306520139,t,t,,passed,f,492,,t,,2026-06-27 00:30:00,2026-06-27 00:38:12,,1,1,A
1956,30,2,hetzner_objectstorage,full,scheduled,completed,v3-zip,feco.ro/feco.ro-full-2026-06-27-004017.zip,872666362,t,t,,passed,f,513,,t,,2026-06-27 00:33:02,2026-06-27 00:41:35,,1,1,A
1957,33,2,hetzner_objectstorage,full,scheduled,completed,v3-zip,ehvac.ro/ehvac.ro-full-2026-06-27-005211.zip,1467547794,t,t,,passed,f,928,,t,,2026-06-27 00:38:26,2026-06-27 00:53:54,,1,1,A
1958,17,2,hetzner_objectstorage,full,scheduled,completed,v3-zip,georgianaungureanu.ro/georgianaungureanu.ro-full-2026-06-27-004514.zip,1033947141,t,f,,passed,f,308,,t,,2026-06-27 00:41:41,2026-06-27 00:46:49,,1,1,A
1959,24,2,hetzner_objectstorage,full,scheduled,completed,v3-zip,isor.ro/isor.ro-full-2026-06-27-005855.zip,2737428672,t,t,,passed,f,1254,,t,,2026-06-27 00:42:01,2026-06-27 01:02:55,,1,1,A
1962,17,2,hetzner_objectstorage,full,scheduled,completed,v3-zip,georgianaungureanu.ro/georgianaungureanu.ro-full-2026-06-27-024521.zip,1033974922,t,f,,passed,f,320,,t,,2026-06-27 02:41:42,2026-06-27 02:47:02,,1,1,A
1965,32,2,hetzner_objectstorage,full,scheduled,completed,v3-zip,feaagalati.ro/feaagalati.ro-full-2026-06-27-030658.zip,448465733,t,t,,passed,f,147,,t,,2026-06-27 03:06:02,2026-06-27 03:08:29,,1,1,A
1966,13,2,hetzner_objectstorage,full,scheduled,completed,v3-zip,fastrackids.ro/fastrackids.ro-full-2026-06-28-000302.zip,1995717904,t,t,,passed,f,340,,t,,2026-06-28 00:00:01,2026-06-28 00:05:41,,1,1,A
1967,29,2,hetzner_objectstorage,full,scheduled,completed,v3-zip,marketingdeck.com/marketingdeck.com-full-2026-06-28-000417.zip,799043690,t,t,,passed,f,151,,t,,2026-06-28 00:03:00,2026-06-28 00:05:31,,1,1,A
1968,22,2,hetzner_objectstorage,full,scheduled,completed,v3-zip,pallady.ichb.ro/pallady.ichb.ro-full-2026-06-28-000820.zip,1306562740,t,t,,passed,f,230,,t,,2026-06-28 00:06:00,2026-06-28 00:09:50,,1,1,A
1969,15,2,hetzner_objectstorage,full,scheduled,completed,v3-zip,rollshape.ro/rollshape.ro-full-2026-06-28-001021.zip,574918545,t,t,,passed,f,112,,t,,2026-06-28 00:09:01,2026-06-28 00:10:53,,1,1,A
1970,30,2,hetzner_objectstorage,full,scheduled,completed,v3-zip,feco.ro/feco.ro-full-2026-06-28-001824.zip,871077114,t,t,,passed,f,465,,t,,2026-06-28 00:12:00,2026-06-28 00:19:45,,1,1,A
1971,25,2,hetzner_objectstorage,full,scheduled,completed,v3-zip,premiumstone.ro/premiumstone.ro-full-2026-06-28-001631.zip,520319879,t,t,,passed,f,124,,t,,2026-06-28 00:15:00,2026-06-28 00:17:04,,1,1,A
1972,14,2,hetzner_objectstorage,full,scheduled,completed,v3-zip,florinpasat.com/florinpasat.com-full-2026-06-28-002706.zip,4221484912,t,t,,passed,f,868,,t,,2026-06-28 00:18:00,2026-06-28 00:32:28,,1,1,A
1973,16,2,hetzner_objectstorage,full,scheduled,completed,v3-zip,priority-clinic.ro/priority-clinic.ro-full-2026-06-28-002412.zip,2224960451,t,t,,passed,f,361,,t,,2026-06-28 00:21:02,2026-06-28 00:27:03,,1,1,A
1974,12,2,hetzner_objectstorage,full,scheduled,completed,v3-zip,matematica-interactiva.ro/matematica-interactiva.ro-full-2026-06-28-002833.zip,1667733090,t,t,,passed,f,427,,t,,2026-06-28 00:24:02,2026-06-28 00:31:09,,1,1,A
1975,33,2,hetzner_objectstorage,full,scheduled,completed,v3-zip,ehvac.ro/ehvac.ro-full-2026-06-28-003827.zip,1469245545,t,t,,passed,f,909,,t,,2026-06-28 00:27:18,2026-06-28 00:42:27,,1,1,A
1976,27,2,hetzner_objectstorage,full,scheduled,completed,v3-zip,paulardeleanu.ro/paulardeleanu.ro-full-2026-06-28-003810.zip,3880207674,t,t,,passed,f,845,,t,,2026-06-28 00:31:27,2026-06-28 00:45:32,,1,1,A
1977,17,2,hetzner_objectstorage,full,scheduled,completed,v3-zip,georgianaungureanu.ro/georgianaungureanu.ro-full-2026-06-28-003635.zip,1034259759,t,f,,passed,f,324,,t,,2026-06-28 00:33:01,2026-06-28 00:38:25,,1,1,A
1978,19,2,hetzner_objectstorage,full,scheduled,completed,v3-zip,manuelasirbu.ro/manuelasirbu.ro-full-2026-06-28-004018.zip,610886582,t,t,,passed,f,253,,t,,2026-06-28 00:38:38,2026-06-28 00:42:51,,1,1,A
1979,18,2,hetzner_objectstorage,full,scheduled,completed,v3-zip,hotelsimonahalep.ro/hotelsimonahalep.ro-full-2026-06-28-004340.zip,668560410,t,t,,passed,f,120,,t,,2026-06-28 00:42:42,2026-06-28 00:44:42,,1,1,A
1980,24,2,hetzner_objectstorage,full,scheduled,completed,v3-zip,isor.ro/isor.ro-full-2026-06-28-004618.zip,2737221913,t,t,,passed,f,338,,t,,2026-06-28 00:43:04,2026-06-28 00:48:42,,1,1,A
1983,17,2,hetzner_objectstorage,full,scheduled,completed,v3-zip,georgianaungureanu.ro/georgianaungureanu.ro-full-2026-06-28-023640.zip,1034303023,t,f,,passed,f,305,,t,,2026-06-28 02:33:01,2026-06-28 02:38:06,,1,1,A
1985,32,2,hetzner_objectstorage,full,scheduled,completed,v3-zip,feaagalati.ro/feaagalati.ro-full-2026-06-28-030355.zip,448461447,t,t,,passed,f,96,,t,,2026-06-28 03:03:01,2026-06-28 03:04:37,,1,1,A
1987,13,2,hetzner_objectstorage,full,scheduled,failed,v2-zip,,,f,f,,never_tested,f,76,,f,,2026-06-29 00:00:02,2026-06-29 00:01:18,Files chunk 15 exec failed: HTTP 500,,,D
1988,18,2,hetzner_objectstorage,full,scheduled,completed,v3-zip,hotelsimonahalep.ro/hotelsimonahalep.ro-full-2026-06-29-000354.zip,668565576,t,t,,passed,f,107,,t,,2026-06-29 00:03:00,2026-06-29 00:04:47,,1,1,A
1989,13,2,hetzner_objectstorage,full,scheduled,completed,v3-zip,fastrackids.ro/fastrackids.ro-full-2026-06-29-000547.zip,1995730136,t,t,,passed,f,265,,t,,2026-06-29 00:03:18,2026-06-29 00:07:43,,1,1,A
1990,22,2,hetzner_objectstorage,full,scheduled,completed,v3-zip,pallady.ichb.ro/pallady.ichb.ro-full-2026-06-29-000828.zip,1306724039,t,t,,passed,f,214,,t,,2026-06-29 00:06:00,2026-06-29 00:09:34,,1,1,A
1991,15,2,hetzner_objectstorage,full,scheduled,completed,v3-zip,rollshape.ro/rollshape.ro-full-2026-06-29-001021.zip,575182401,t,t,,passed,f,119,,t,,2026-06-29 00:09:02,2026-06-29 00:11:01,,1,1,A
1992,27,2,hetzner_objectstorage,full,scheduled,completed,v3-zip,paulardeleanu.ro/paulardeleanu.ro-full-2026-06-29-001838.zip,3880227624,t,t,,passed,f,634,,t,,2026-06-29 00:12:00,2026-06-29 00:22:34,,1,1,A
1993,25,2,hetzner_objectstorage,full,scheduled,completed,v3-zip,premiumstone.ro/premiumstone.ro-full-2026-06-29-001633.zip,513509273,t,t,,passed,f,121,,t,,2026-06-29 00:15:01,2026-06-29 00:17:02,,1,1,A
1994,16,2,hetzner_objectstorage,full,scheduled,completed,v3-zip,priority-clinic.ro/priority-clinic.ro-full-2026-06-29-002120.zip,2225208970,t,t,,passed,f,361,,t,,2026-06-29 00:18:00,2026-06-29 00:24:01,,1,1,A
1995,12,2,hetzner_objectstorage,full,scheduled,completed,v3-zip,matematica-interactiva.ro/matematica-interactiva.ro-full-2026-06-29-002534.zip,1667719385,t,t,,passed,f,388,,t,,2026-06-29 00:21:02,2026-06-29 00:27:30,,1,1,A
1996,17,2,hetzner_objectstorage,full,scheduled,completed,v3-zip,georgianaungureanu.ro/georgianaungureanu.ro-full-2026-06-29-002749.zip,1034540590,t,f,,passed,f,313,,t,,2026-06-29 00:24:03,2026-06-29 00:29:16,,1,1,A
1997,14,2,hetzner_objectstorage,full,scheduled,completed,v3-zip,florinpasat.com/florinpasat.com-full-2026-06-29-003612.zip,4222492100,t,t,,passed,f,820,,t,,2026-06-29 00:27:00,2026-06-29 00:40:40,,1,1,A
1998,29,2,hetzner_objectstorage,full,scheduled,completed,v3-zip,marketingdeck.com/marketingdeck.com-full-2026-06-29-003113.zip,799669435,t,t,,passed,f,117,,t,,2026-06-29 00:30:00,2026-06-29 00:31:57,,1,1,A
1999,33,2,hetzner_objectstorage,full,scheduled,completed,v3-zip,ehvac.ro/ehvac.ro-full-2026-06-29-004414.zip,1469428327,t,t,,passed,f,760,,t,,2026-06-29 00:33:00,2026-06-29 00:45:40,,1,1,A
2000,19,2,hetzner_objectstorage,full,scheduled,completed,v3-zip,manuelasirbu.ro/manuelasirbu.ro-full-2026-06-29-003734.zip,611209938,t,t,,passed,f,172,,t,,2026-06-29 00:36:03,2026-06-29 00:38:55,,1,1,A
2001,24,2,hetzner_objectstorage,full,scheduled,completed,v3-zip,isor.ro/isor.ro-full-2026-06-29-004211.zip,2737229565,t,t,,passed,f,322,,t,,2026-06-29 00:39:08,2026-06-29 00:44:30,,1,1,A
2004,17,2,hetzner_objectstorage,full,scheduled,completed,v3-zip,georgianaungureanu.ro/georgianaungureanu.ro-full-2026-06-29-022734.zip,1034568178,t,f,,passed,f,299,,t,,2026-06-29 02:24:03,2026-06-29 02:29:02,,1,1,A
2006,32,2,hetzner_objectstorage,full,scheduled,completed,v3-zip,feaagalati.ro/feaagalati.ro-full-2026-06-29-030357.zip,448249854,t,t,,passed,f,150,,t,,2026-06-29 03:03:01,2026-06-29 03:05:31,,1,1,A
2008,18,2,hetzner_objectstorage,full,scheduled,completed,v3-zip,hotelsimonahalep.ro/hotelsimonahalep.ro-full-2026-06-30-000057.zip,668347254,t,t,,passed,f,116,,t,,2026-06-30 00:00:01,2026-06-30 00:01:57,,1,1,A
2009,14,2,hetzner_objectstorage,full,scheduled,completed,v3-zip,florinpasat.com/florinpasat.com-full-2026-06-30-001213.zip,4221846498,t,t,,passed,f,893,,t,,2026-06-30 00:03:00,2026-06-30 00:17:53,,1,1,A
2010,13,2,hetzner_objectstorage,full,scheduled,completed,v3-zip,fastrackids.ro/fastrackids.ro-full-2026-06-30-000836.zip,1995759982,t,t,,passed,f,364,,t,,2026-06-30 00:06:02,2026-06-30 00:12:06,,1,1,A
2011,22,2,hetzner_objectstorage,full,scheduled,completed,v3-zip,pallady.ichb.ro/pallady.ichb.ro-full-2026-06-30-001127.zip,1307066915,t,t,,passed,f,337,,t,,2026-06-30 00:09:02,2026-06-30 00:14:39,,1,1,A
2012,33,2,hetzner_objectstorage,full,scheduled,completed,v3-zip,ehvac.ro/ehvac.ro-full-2026-06-30-002358.zip,1469760477,t,t,,passed,f,805,,t,,2026-06-30 00:12:23,2026-06-30 00:25:48,,1,1,A
2013,15,2,hetzner_objectstorage,full,scheduled,completed,v3-zip,rollshape.ro/rollshape.ro-full-2026-06-30-001623.zip,575438518,t,t,,passed,f,139,,t,,2026-06-30 00:15:01,2026-06-30 00:17:20,,1,1,A
2014,25,2,hetzner_objectstorage,full,scheduled,completed,v3-zip,premiumstone.ro/premiumstone.ro-full-2026-06-30-001935.zip,517199750,t,t,,passed,f,133,,t,,2026-06-30 00:18:01,2026-06-30 00:20:14,,1,1,A
2015,27,2,hetzner_objectstorage,full,scheduled,completed,v3-zip,paulardeleanu.ro/paulardeleanu.ro-full-2026-06-30-002750.zip,3880910715,t,t,,passed,f,777,,t,,2026-06-30 00:21:01,2026-06-30 00:33:58,,1,1,A
2016,16,2,hetzner_objectstorage,full,scheduled,completed,v3-zip,priority-clinic.ro/priority-clinic.ro-full-2026-06-30-002719.zip,2225515306,t,t,,passed,f,456,,t,,2026-06-30 00:24:02,2026-06-30 00:31:38,,1,1,A
2017,17,2,hetzner_objectstorage,full,scheduled,completed,v3-zip,georgianaungureanu.ro/georgianaungureanu.ro-full-2026-06-30-003049.zip,1034808705,t,f,,passed,f,388,,t,,2026-06-30 00:27:00,2026-06-30 00:33:28,,1,1,A
2018,12,2,hetzner_objectstorage,full,scheduled,completed,v3-zip,matematica-interactiva.ro/matematica-interactiva.ro-full-2026-06-30-003616.zip,1667747721,t,t,,passed,f,387,,t,,2026-06-30 00:31:57,2026-06-30 00:38:24,,1,1,A
2019,29,2,hetzner_objectstorage,full,scheduled,completed,v3-zip,marketingdeck.com/marketingdeck.com-full-2026-06-30-003453.zip,799672193,t,t,,passed,f,119,,t,,2026-06-30 00:33:39,2026-06-30 00:35:38,,1,1,A
2020,19,2,hetzner_objectstorage,full,scheduled,completed,v3-zip,manuelasirbu.ro/manuelasirbu.ro-full-2026-06-30-003735.zip,611434922,t,t,,passed,f,154,,t,,2026-06-30 00:36:01,2026-06-30 00:38:35,,1,1,A
2021,24,2,hetzner_objectstorage,full,scheduled,completed,v3-zip,isor.ro/isor.ro-full-2026-06-30-004153.zip,2737253060,t,t,,passed,f,342,,t,,2026-06-30 00:39:00,2026-06-30 00:44:42,,1,1,A
2024,17,2,hetzner_objectstorage,full,scheduled,completed,v3-zip,georgianaungureanu.ro/georgianaungureanu.ro-full-2026-06-30-023033.zip,1034840084,t,f,,passed,f,312,,t,,2026-06-30 02:27:00,2026-06-30 02:32:12,,1,1,A
2026,32,2,hetzner_objectstorage,full,scheduled,completed,v3-zip,feaagalati.ro/feaagalati.ro-full-2026-06-30-030358.zip,448457672,t,t,,passed,f,117,,t,,2026-06-30 03:03:00,2026-06-30 03:04:57,,1,1,A
2028,33,2,hetzner_objectstorage,full,scheduled,completed,v3-zip,ehvac.ro/ehvac.ro-full-2026-07-01-001150.zip,1470650142,t,t,,passed,f,832,,t,,2026-07-01 00:00:02,2026-07-01 00:13:54,,1,1,A
2029,17,2,hetzner_objectstorage,full,scheduled,completed,v3-zip,georgianaungureanu.ro/georgianaungureanu.ro-full-2026-07-01-000635.zip,1035071194,t,f,,passed,f,323,,t,,2026-07-01 00:03:00,2026-07-01 00:08:23,,1,1,A
2030,16,2,hetzner_objectstorage,full,scheduled,completed,v3-zip,priority-clinic.ro/priority-clinic.ro-full-2026-07-01-000914.zip,2225938768,t,t,,passed,f,387,,t,,2026-07-01 00:06:01,2026-07-01 00:12:28,,1,1,A
2031,18,2,hetzner_objectstorage,full,scheduled,completed,v3-zip,hotelsimonahalep.ro/hotelsimonahalep.ro-full-2026-07-01-001002.zip,668355941,t,t,,passed,f,135,,t,,2026-07-01 00:09:02,2026-07-01 00:11:17,,1,1,A
2032,27,2,hetzner_objectstorage,full,scheduled,completed,v3-zip,paulardeleanu.ro/paulardeleanu.ro-full-2026-07-01-001846.zip,3880919693,t,t,,passed,f,754,,t,,2026-07-01 00:12:02,2026-07-01 00:24:36,,1,1,A
2033,29,2,hetzner_objectstorage,full,scheduled,completed,v3-zip,marketingdeck.com/marketingdeck.com-full-2026-07-01-001615.zip,799671792,t,t,,passed,f,130,,t,,2026-07-01 00:15:01,2026-07-01 00:17:10,,1,1,A
2034,13,2,hetzner_objectstorage,full,scheduled,completed,v3-zip,fastrackids.ro/fastrackids.ro-full-2026-07-01-002030.zip,1996098705,t,t,,passed,f,346,,t,,2026-07-01 00:18:00,2026-07-01 00:23:46,,1,1,A
2035,12,2,hetzner_objectstorage,full,scheduled,completed,v3-zip,matematica-interactiva.ro/matematica-interactiva.ro-full-2026-07-01-002538.zip,1667748414,t,t,,passed,f,417,,t,,2026-07-01 00:21:01,2026-07-01 00:27:58,,1,1,A
2036,22,2,hetzner_objectstorage,full,scheduled,completed,v3-zip,pallady.ichb.ro/pallady.ichb.ro-full-2026-07-01-002627.zip,1307438285,t,t,,passed,f,252,,t,,2026-07-01 00:24:00,2026-07-01 00:28:12,,1,1,A
2037,19,2,hetzner_objectstorage,full,scheduled,completed,v3-zip,manuelasirbu.ro/manuelasirbu.ro-full-2026-07-01-002833.zip,611686556,t,t,,passed,f,132,,t,,2026-07-01 00:27:00,2026-07-01 00:29:12,,1,1,A
2038,15,2,hetzner_objectstorage,full,scheduled,completed,v3-zip,rollshape.ro/rollshape.ro-full-2026-07-01-003119.zip,575695716,t,t,,passed,f,114,,t,,2026-07-01 00:30:00,2026-07-01 00:31:54,,1,1,A
2039,14,2,hetzner_objectstorage,full,scheduled,completed,v3-zip,florinpasat.com/florinpasat.com-full-2026-07-01-004216.zip,4224324616,t,t,,passed,f,888,,t,,2026-07-01 00:33:01,2026-07-01 00:47:49,,1,1,A
2040,25,2,hetzner_objectstorage,full,scheduled,completed,v3-zip,premiumstone.ro/premiumstone.ro-full-2026-07-01-003735.zip,517539062,t,t,,passed,f,119,,t,,2026-07-01 00:36:02,2026-07-01 00:38:01,,1,1,A
2041,24,2,hetzner_objectstorage,full,scheduled,completed,v3-zip,isor.ro/isor.ro-full-2026-07-01-004159.zip,2737254274,t,t,,passed,f,443,,t,,2026-07-01 00:39:01,2026-07-01 00:46:24,,1,1,A
2042,6,2,hetzner_objectstorage,full,scheduled,completed,v3-zip,m1-beauty.hu/m1-beauty.hu-full-2026-07-01-010646.zip,3374292712,t,t,,passed,f,642,,t,,2026-07-01 01:00:01,2026-07-01 01:10:43,,1,1,A
2043,3,2,hetzner_objectstorage,full,scheduled,completed,direct-s3,m1-beauty.at/m1-beauty.at-full-2026-07-01-011123.zip,2962103949,t,f,,passed,f,1004,,t,,2026-07-01 01:03:01,2026-07-01 01:19:45,,1,1,A
2044,17,2,hetzner_objectstorage,full,scheduled,completed,v3-zip,georgianaungureanu.ro/georgianaungureanu.ro-full-2026-07-01-020640.zip,1035108108,t,f,,passed,f,331,,t,,2026-07-01 02:03:00,2026-07-01 02:08:31,,1,1,A
2046,32,2,hetzner_objectstorage,full,scheduled,completed,v3-zip,feaagalati.ro/feaagalati.ro-full-2026-07-01-030355.zip,448456471,t,t,,passed,f,97,,t,,2026-07-01 03:03:00,2026-07-01 03:04:37,,1,1,A
2048,18,2,hetzner_objectstorage,full,scheduled,completed,v3-zip,hotelsimonahalep.ro/hotelsimonahalep.ro-full-2026-07-02-000055.zip,668354886,t,t,,passed,f,119,,t,,2026-07-02 00:00:00,2026-07-02 00:01:59,,1,1,A
2049,15,2,hetzner_objectstorage,full,scheduled,completed,v3-zip,rollshape.ro/rollshape.ro-full-2026-07-02-000420.zip,575934660,t,t,,passed,f,119,,t,,2026-07-02 00:03:00,2026-07-02 00:04:59,,1,1,A
2050,16,2,hetzner_objectstorage,full,scheduled,completed,v3-zip,priority-clinic.ro/priority-clinic.ro-full-2026-07-02-000919.zip,2226743806,t,t,,passed,f,320,,t,,2026-07-02 00:06:01,2026-07-02 00:11:21,,1,1,A
2051,33,2,hetzner_objectstorage,full,scheduled,completed,v3-zip,ehvac.ro/ehvac.ro-full-2026-07-02-002044.zip,1470751141,t,t,,passed,f,856,,t,,2026-07-02 00:09:02,2026-07-02 00:23:18,,1,1,A
2052,25,2,hetzner_objectstorage,full,scheduled,completed,v3-zip,premiumstone.ro/premiumstone.ro-full-2026-07-02-001330.zip,518233093,t,t,,passed,f,112,,t,,2026-07-02 00:12:00,2026-07-02 00:13:52,,1,1,A
2053,29,2,hetzner_objectstorage,full,scheduled,completed,v3-zip,marketingdeck.com/marketingdeck.com-full-2026-07-02-001616.zip,800009547,t,t,,passed,f,117,,t,,2026-07-02 00:15:02,2026-07-02 00:16:59,,1,1,A
2054,13,2,hetzner_objectstorage,full,scheduled,completed,v3-zip,fastrackids.ro/fastrackids.ro-full-2026-07-02-002054.zip,1996104582,t,t,,passed,f,353,,t,,2026-07-02 00:18:00,2026-07-02 00:23:53,,1,1,A
2055,14,2,hetzner_objectstorage,full,scheduled,completed,v3-zip,florinpasat.com/florinpasat.com-full-2026-07-02-003032.zip,4204076818,t,t,,passed,f,1176,,t,,2026-07-02 00:21:00,2026-07-02 00:40:36,,1,1,A
2056,27,2,hetzner_objectstorage,full,scheduled,completed,v3-zip,paulardeleanu.ro/paulardeleanu.ro-full-2026-07-02-003041.zip,3880950375,t,t,,passed,f,987,,t,,2026-07-02 00:24:02,2026-07-02 00:40:29,,1,1,A
2057,12,2,hetzner_objectstorage,full,scheduled,completed,v3-zip,matematica-interactiva.ro/matematica-interactiva.ro-full-2026-07-02-003130.zip,1667751602,t,t,,passed,f,656,,t,,2026-07-02 00:27:00,2026-07-02 00:37:56,,1,1,A
2058,22,2,hetzner_objectstorage,full,scheduled,completed,v3-zip,pallady.ichb.ro/pallady.ichb.ro-full-2026-07-02-004046.zip,1307594730,t,t,,passed,f,221,,t,,2026-07-02 00:38:13,2026-07-02 00:41:54,,1,1,A
2059,19,2,hetzner_objectstorage,full,scheduled,completed,v3-zip,manuelasirbu.ro/manuelasirbu.ro-full-2026-07-02-004216.zip,612249187,t,t,,passed,f,133,,t,,2026-07-02 00:40:43,2026-07-02 00:42:56,,1,1,A
2060,17,2,hetzner_objectstorage,full,scheduled,completed,v3-zip,georgianaungureanu.ro/georgianaungureanu.ro-full-2026-07-02-004422.zip,1035362995,t,f,,passed,f,368,,t,,2026-07-02 00:40:44,2026-07-02 00:46:52,,1,1,A
2061,24,2,hetzner_objectstorage,full,scheduled,completed,v3-zip,isor.ro/isor.ro-full-2026-07-02-004503.zip,2737256025,t,t,,passed,f,355,,t,,2026-07-02 00:42:06,2026-07-02 00:48:01,,1,1,A
2062,6,2,hetzner_objectstorage,full,scheduled,completed,v3-zip,m1-beauty.hu/m1-beauty.hu-full-2026-07-02-010649.zip,3374292868,t,t,,passed,f,581,,t,,2026-07-02 01:00:01,2026-07-02 01:09:42,,1,1,A
2063,3,2,hetzner_objectstorage,full,scheduled,completed,direct-s3,m1-beauty.at/m1-beauty.at-full-2026-07-02-011227.zip,2962209660,t,f,,passed,f,1097,,t,,2026-07-02 01:03:03,2026-07-02 01:21:20,,1,1,A
2064,17,2,hetzner_objectstorage,full,scheduled,completed,v3-zip,georgianaungureanu.ro/georgianaungureanu.ro-full-2026-07-02-024424.zip,1035396713,t,f,,passed,f,310,,t,,2026-07-02 02:40:45,2026-07-02 02:45:55,,1,1,A
2065,37,2,hetzner_objectstorage,full,scheduled,failed,v2-zip,,,f,f,,never_tested,f,206,,f,,2026-07-02 03:00:00,2026-07-02 03:03:26,"An exception occurred while uploading parts to a multipart upload. The following parts had errors:
- Part 2: Error execu",,,D
2066,32,2,hetzner_objectstorage,full,scheduled,failed,v2-zip,,,f,f,,never_tested,f,137,,f,,2026-07-02 03:03:02,2026-07-02 03:05:19,"An exception occurred while uploading parts to a multipart upload. The following parts had errors:
- Part 6: Error execu",,,D
2067,37,2,hetzner_objectstorage,full,scheduled,failed,v2-zip,,,f,f,,never_tested,f,157,,f,,2026-07-02 03:05:26,2026-07-02 03:08:03,"An exception occurred while uploading parts to a multipart upload. The following parts had errors:
- Part 9: Error execu",,,D
2069,32,2,hetzner_objectstorage,full,scheduled,failed,v2-zip,,,f,f,,never_tested,f,99,,f,,2026-07-02 03:07:20,2026-07-02 03:08:59,"An exception occurred while uploading parts to a multipart upload. The following parts had errors:
- Part 1: Error execu",,,D
2070,17,2,hetzner_objectstorage,full,scheduled,failed,v2-zip,,,f,f,,never_tested,f,1909259,,f,,2026-07-03 00:00:02,2026-07-25 02:21:01,App\Jobs\CreateBackup has been attempted too many times.,,,D
2071,33,2,hetzner_objectstorage,full,scheduled,completed,v3-zip,ehvac.ro/ehvac.ro-full-2026-07-03-001450.zip,1471580629,t,t,,passed,f,879,,t,,2026-07-03 00:03:00,2026-07-03 00:17:39,,1,1,A
2072,13,2,hetzner_objectstorage,full,scheduled,failed,v2-zip,,,f,f,,never_tested,f,359,,f,,2026-07-03 00:06:01,2026-07-03 00:12:00,"An exception occurred while uploading parts to a multipart upload. The following parts had errors:
- Part 1: Error execu",,,D
2073,12,2,hetzner_objectstorage,full,scheduled,completed,v3-zip,matematica-interactiva.ro/matematica-interactiva.ro-full-2026-07-03-001320.zip,1667755398,t,t,,passed,f,357,,t,,2026-07-03 00:09:02,2026-07-03 00:14:59,,1,1,A
2074,17,2,hetzner_objectstorage,full,scheduled,completed,v3-zip,georgianaungureanu.ro/georgianaungureanu.ro-full-2026-07-03-001522.zip,1035680738,t,f,,passed,f,337,,t,,2026-07-03 00:12:00,2026-07-03 00:17:37,,1,1,A
2075,27,2,hetzner_objectstorage,full,scheduled,completed,v3-zip,paulardeleanu.ro/paulardeleanu.ro-full-2026-07-03-002212.zip,3881313206,t,t,,passed,f,654,,t,,2026-07-03 00:15:22,2026-07-03 00:26:16,,1,1,A
2076,13,2,hetzner_objectstorage,full,scheduled,completed,v3-zip,fastrackids.ro/fastrackids.ro-full-2026-07-03-002027.zip,1996354719,t,t,,passed,f,284,,t,,2026-07-03 00:17:47,2026-07-03 00:22:31,,1,1,A
2077,14,2,hetzner_objectstorage,full,scheduled,completed,v3-zip,florinpasat.com/florinpasat.com-full-2026-07-03-002728.zip,4206240576,t,t,,passed,f,996,,t,,2026-07-03 00:17:51,2026-07-03 00:34:27,,1,1,A
2078,22,2,hetzner_objectstorage,full,scheduled,completed,v3-zip,pallady.ichb.ro/pallady.ichb.ro-full-2026-07-03-002459.zip,1307782187,t,t,,passed,f,252,,t,,2026-07-03 00:22:44,2026-07-03 00:26:56,,1,1,A
2079,18,2,hetzner_objectstorage,full,scheduled,completed,v3-zip,hotelsimonahalep.ro/hotelsimonahalep.ro-full-2026-07-03-002728.zip,668354224,t,t,,passed,f,141,,t,,2026-07-03 00:26:32,2026-07-03 00:28:53,,1,1,A
2080,15,2,hetzner_objectstorage,full,scheduled,completed,v3-zip,rollshape.ro/rollshape.ro-full-2026-07-03-002836.zip,576187976,t,t,,passed,f,173,,t,,2026-07-03 00:27:10,2026-07-03 00:30:03,,1,1,A
2081,19,2,hetzner_objectstorage,full,scheduled,completed,v3-zip,manuelasirbu.ro/manuelasirbu.ro-full-2026-07-03-003040.zip,612493502,t,t,,passed,f,198,,t,,2026-07-03 00:29:05,2026-07-03 00:32:23,,1,1,A
2082,16,2,hetzner_objectstorage,full,scheduled,completed,v3-zip,priority-clinic.ro/priority-clinic.ro-full-2026-07-03-003347.zip,2227180417,t,t,,passed,f,387,,t,,2026-07-03 00:30:19,2026-07-03 00:36:46,,1,1,A
2083,25,2,hetzner_objectstorage,full,scheduled,completed,v3-zip,premiumstone.ro/premiumstone.ro-full-2026-07-03-003443.zip,520984709,t,t,,passed,f,167,,t,,2026-07-03 00:33:02,2026-07-03 00:35:49,,1,1,A
2084,29,2,hetzner_objectstorage,full,scheduled,completed,v3-zip,marketingdeck.com/marketingdeck.com-full-2026-07-03-003721.zip,800014784,t,t,,passed,f,115,,t,,2026-07-03 00:36:02,2026-07-03 00:37:57,,1,1,A
2085,24,2,hetzner_objectstorage,full,scheduled,completed,v3-zip,isor.ro/isor.ro-full-2026-07-03-004151.zip,2737254255,t,t,,passed,f,295,,t,,2026-07-03 00:39:00,2026-07-03 00:43:55,,1,1,A
2086,6,2,hetzner_objectstorage,full,scheduled,failed,v2-zip,,,f,f,,never_tested,f,718,,f,,2026-07-03 01:00:01,2026-07-03 01:11:59,"An exception occurred while uploading parts to a multipart upload. The following parts had errors:
- Part 49: Error exec",,,D
2087,3,2,hetzner_objectstorage,full,scheduled,failed,v2-zip,,,f,f,,never_tested,f,781,,f,,2026-07-03 01:03:00,2026-07-03 01:16:01,Per-part upload failed: cURL error 28: Operation timed out after 90002 milliseconds with 0 bytes received (see https://c,,,D
2088,6,2,hetzner_objectstorage,full,scheduled,completed,v3-zip,m1-beauty.hu/m1-beauty.hu-full-2026-07-03-012004.zip,3374300189,t,t,,passed,f,526,,t,,2026-07-03 01:13:59,2026-07-03 01:22:45,,1,1,A
2089,3,2,hetzner_objectstorage,full,scheduled,completed,direct-s3,m1-beauty.at/m1-beauty.at-full-2026-07-03-012409.zip,32264833,t,f,,passed,f,375,,t,,2026-07-03 01:18:02,2026-07-03 01:24:17,,1,1,A
2090,37,2,hetzner_objectstorage,full,scheduled,completed,v3-zip,notificarisuplimente.ro/notificarisuplimente.ro-full-2026-07-03-030203.zip,547409008,t,t,,passed,f,173,,t,,2026-07-03 03:00:00,2026-07-03 03:02:53,,1,1,A
2091,32,2,hetzner_objectstorage,full,scheduled,completed,v3-zip,feaagalati.ro/feaagalati.ro-full-2026-07-03-030355.zip,448465312,t,t,,passed,f,129,,t,,2026-07-03 03:03:00,2026-07-03 03:05:09,,1,1,A
2092,38,2,hetzner_objectstorage,full,scheduled,failed,v2-zip,,,f,f,,never_tested,f,325,,f,,2026-07-03 03:06:00,2026-07-03 03:11:25,"An exception occurred while uploading parts to a multipart upload. The following parts had errors:
- Part 4: Error execu",,,D
2093,38,2,hetzner_objectstorage,full,scheduled,failed,v2-zip,,,f,f,,never_tested,f,316,,f,,2026-07-03 03:13:25,2026-07-03 03:18:41,"An exception occurred while uploading parts to a multipart upload. The following parts had errors:
- Part 43: Error exec",,,D
2094,19,2,hetzner_objectstorage,full,scheduled,completed,v3-zip,manuelasirbu.ro/manuelasirbu.ro-full-2026-07-04-000135.zip,612829726,t,t,,passed,f,156,,t,,2026-07-04 00:00:01,2026-07-04 00:02:37,,1,1,A
2095,14,2,hetzner_objectstorage,full,scheduled,completed,v3-zip,florinpasat.com/florinpasat.com-full-2026-07-04-001211.zip,4205236014,t,t,,passed,f,917,,t,,2026-07-04 00:03:01,2026-07-04 00:18:18,,1,1,A
2096,12,2,hetzner_objectstorage,full,scheduled,completed,v3-zip,matematica-interactiva.ro/matematica-interactiva.ro-full-2026-07-04-001023.zip,1667754623,t,t,,passed,f,389,,t,,2026-07-04 00:06:01,2026-07-04 00:12:30,,1,1,A
2097,17,2,hetzner_objectstorage,full,scheduled,completed,v3-zip,georgianaungureanu.ro/georgianaungureanu.ro-full-2026-07-04-001254.zip,1035940900,t,f,,passed,f,421,,t,,2026-07-04 00:09:02,2026-07-04 00:16:03,,1,1,A
2098,33,2,hetzner_objectstorage,full,scheduled,failed,v2-zip,,,f,f,,never_tested,f,943,,f,,2026-07-04 00:12:49,2026-07-04 00:28:32,"An exception occurred while uploading parts to a multipart upload. The following parts had errors:
- Part 7: Error execu",,,D
2099,25,2,hetzner_objectstorage,full,scheduled,completed,v3-zip,premiumstone.ro/premiumstone.ro-full-2026-07-04-001746.zip,519582310,t,t,,passed,f,134,,t,,2026-07-04 00:16:15,2026-07-04 00:18:29,,1,1,A
2100,13,2,hetzner_objectstorage,full,scheduled,completed,v3-zip,fastrackids.ro/fastrackids.ro-full-2026-07-04-002055.zip,1996419777,t,t,,passed,f,283,,t,,2026-07-04 00:18:24,2026-07-04 00:23:07,,1,1,A
2101,27,2,hetzner_objectstorage,full,scheduled,failed,v2-zip,,,f,f,,never_tested,f,884,,f,,2026-07-04 00:21:01,2026-07-04 00:35:45,"An exception occurred while uploading parts to a multipart upload. The following parts had errors:
- Part 37: Error exec",,,D
2102,16,2,hetzner_objectstorage,full,scheduled,failed,v2-zip,,,f,f,,never_tested,f,533,,f,,2026-07-04 00:24:01,2026-07-04 00:32:54,"An exception occurred while uploading parts to a multipart upload. The following parts had errors:
- Part 18: Error exec",,,D
2103,22,2,hetzner_objectstorage,full,scheduled,failed,v2-zip,,,f,f,,never_tested,f,387,,f,,2026-07-04 00:28:33,2026-07-04 00:35:00,"An exception occurred while uploading parts to a multipart upload. The following parts had errors:
- Part 1: Error execu",,,D
2104,18,2,hetzner_objectstorage,full,scheduled,failed,v2-zip,,,f,f,,never_tested,f,180,,f,,2026-07-04 00:32:54,2026-07-04 00:35:54,"An exception occurred while uploading parts to a multipart upload. The following parts had errors:
- Part 3: Error execu",,,D
2105,33,2,hetzner_objectstorage,full,scheduled,completed,v3-zip,ehvac.ro/ehvac.ro-full-2026-07-04-004634.zip,1472331358,t,t,,passed,f,788,,t,,2026-07-04 00:35:00,2026-07-04 00:48:08,,1,1,A
2106,29,2,hetzner_objectstorage,full,scheduled,completed,v3-zip,marketingdeck.com/marketingdeck.com-full-2026-07-04-003700.zip,800015312,t,t,,passed,f,115,,t,,2026-07-04 00:35:46,2026-07-04 00:37:41,,1,1,A
2107,16,2,hetzner_objectstorage,full,scheduled,completed,v3-zip,priority-clinic.ro/priority-clinic.ro-full-2026-07-04-003907.zip,2227437639,t,t,,passed,f,377,,t,,2026-07-04 00:35:54,2026-07-04 00:42:11,,1,1,A
2108,15,2,hetzner_objectstorage,full,scheduled,completed,v3-zip,rollshape.ro/rollshape.ro-full-2026-07-04-003913.zip,576436819,t,t,,passed,f,167,,t,,2026-07-04 00:37:52,2026-07-04 00:40:39,,1,1,A
2109,22,2,hetzner_objectstorage,full,scheduled,completed,v3-zip,pallady.ichb.ro/pallady.ichb.ro-full-2026-07-04-004301.zip,1314139680,t,t,,passed,f,207,,t,,2026-07-04 00:40:51,2026-07-04 00:44:18,,1,1,A
2110,27,2,hetzner_objectstorage,full,scheduled,completed,v3-zip,paulardeleanu.ro/paulardeleanu.ro-full-2026-07-04-004906.zip,3881388747,t,t,,passed,f,669,,t,,2026-07-04 00:42:24,2026-07-04 00:53:33,,1,1,A
2111,18,2,hetzner_objectstorage,full,scheduled,completed,v3-zip,hotelsimonahalep.ro/hotelsimonahalep.ro-full-2026-07-04-004527.zip,668364282,t,t,,passed,f,126,,t,,2026-07-04 00:44:33,2026-07-04 00:46:39,,1,1,A
2112,24,2,hetzner_objectstorage,full,scheduled,completed,v3-zip,isor.ro/isor.ro-full-2026-07-04-005034.zip,2739887685,t,t,,passed,f,437,,t,,2026-07-04 00:46:51,2026-07-04 00:54:08,,1,1,A
2113,6,2,hetzner_objectstorage,full,scheduled,completed,v3-zip,m1-beauty.hu/m1-beauty.hu-full-2026-07-04-010648.zip,3374298071,t,t,,passed,f,601,,t,,2026-07-04 01:00:01,2026-07-04 01:10:02,,1,1,A
2114,3,2,hetzner_objectstorage,full,scheduled,completed,direct-s3,m1-beauty.at/m1-beauty.at-full-2026-07-04-011202.zip,2962580481,t,f,,passed,f,1169,,t,,2026-07-04 01:03:01,2026-07-04 01:22:30,,1,1,A
2115,17,2,hetzner_objectstorage,full,scheduled,completed,v3-zip,georgianaungureanu.ro/georgianaungureanu.ro-full-2026-07-04-021237.zip,1035980425,t,f,,passed,f,307,,t,,2026-07-04 02:09:02,2026-07-04 02:14:09,,1,1,A
2116,37,2,hetzner_objectstorage,full,scheduled,failed,v2-zip,,,f,f,,never_tested,f,241,,f,,2026-07-04 03:00:02,2026-07-04 03:04:03,"An exception occurred while uploading parts to a multipart upload. The following parts had errors:
- Part 2: Error execu",,,D
2117,32,2,hetzner_objectstorage,full,scheduled,failed,v2-zip,,,f,f,,never_tested,f,140,,f,,2026-07-04 03:03:02,2026-07-04 03:05:22,"An exception occurred while uploading parts to a multipart upload. The following parts had errors:
- Part 3: Error execu",,,D
2118,38,2,hetzner_objectstorage,full,scheduled,completed,v3-zip,motivonti.ro/motivonti.ro-full-2026-07-04-030808.zip,2237255533,t,t,,passed,f,350,,t,,2026-07-04 03:06:00,2026-07-04 03:11:50,,1,1,A
2119,37,2,hetzner_objectstorage,full,scheduled,failed,v2-zip,,,f,f,,never_tested,f,258,,f,,2026-07-04 03:06:05,2026-07-04 03:10:23,"An exception occurred while uploading parts to a multipart upload. The following parts had errors:
- Part 1: Error execu",,,D
2120,32,2,hetzner_objectstorage,full,scheduled,failed,v2-zip,,,f,f,,never_tested,f,144,,f,,2026-07-04 03:07:24,2026-07-04 03:09:48,"An exception occurred while uploading parts to a multipart upload. The following parts had errors:
- Part 5: Error execu",,,D
2121,22,2,hetzner_objectstorage,full,scheduled,completed,v3-zip,pallady.ichb.ro/pallady.ichb.ro-full-2026-07-05-000211.zip,1314178192,t,t,,passed,f,201,,t,,2026-07-05 00:00:01,2026-07-05 00:03:22,,1,1,A
2122,18,2,hetzner_objectstorage,full,scheduled,completed,v3-zip,hotelsimonahalep.ro/hotelsimonahalep.ro-full-2026-07-05-000358.zip,668370796,t,t,,passed,f,110,,t,,2026-07-05 00:03:00,2026-07-05 00:04:50,,1,1,A
2123,33,2,hetzner_objectstorage,full,scheduled,completed,v3-zip,ehvac.ro/ehvac.ro-full-2026-07-05-001805.zip,1473197145,t,t,,passed,f,963,,t,,2026-07-05 00:06:00,2026-07-05 00:22:03,,1,1,A
2124,27,2,hetzner_objectstorage,full,scheduled,completed,v3-zip,paulardeleanu.ro/paulardeleanu.ro-full-2026-07-05-001552.zip,3881720010,t,t,,passed,f,846,,t,,2026-07-05 00:09:01,2026-07-05 00:23:07,,1,1,A
2125,17,2,hetzner_objectstorage,full,scheduled,completed,v3-zip,georgianaungureanu.ro/georgianaungureanu.ro-full-2026-07-05-001552.zip,1036231517,t,f,,passed,f,508,,t,,2026-07-05 00:12:00,2026-07-05 00:20:28,,1,1,A
2126,13,2,hetzner_objectstorage,full,scheduled,completed,v3-zip,fastrackids.ro/fastrackids.ro-full-2026-07-05-002328.zip,1996614152,t,t,,passed,f,345,,t,,2026-07-05 00:20:40,2026-07-05 00:26:25,,1,1,A
2127,29,2,hetzner_objectstorage,full,scheduled,failed,v2-zip,,,f,f,,never_tested,f,224,,f,,2026-07-05 00:22:16,2026-07-05 00:26:00,"An exception occurred while uploading parts to a multipart upload. The following parts had errors:
- Part 5: Error execu",,,D
2128,15,2,hetzner_objectstorage,full,scheduled,completed,v3-zip,rollshape.ro/rollshape.ro-full-2026-07-05-002447.zip,576681677,t,t,,passed,f,152,,t,,2026-07-05 00:23:20,2026-07-05 00:25:52,,1,1,A
2129,16,2,hetzner_objectstorage,full,scheduled,completed,v3-zip,priority-clinic.ro/priority-clinic.ro-full-2026-07-05-002917.zip,2227689804,t,t,,passed,f,361,,t,,2026-07-05 00:26:00,2026-07-05 00:32:01,,1,1,A
2130,19,2,hetzner_objectstorage,full,scheduled,completed,v3-zip,manuelasirbu.ro/manuelasirbu.ro-full-2026-07-05-002834.zip,613112559,t,t,,passed,f,166,,t,,2026-07-05 00:27:01,2026-07-05 00:29:47,,1,1,A
2131,29,2,hetzner_objectstorage,full,scheduled,completed,v3-zip,marketingdeck.com/marketingdeck.com-full-2026-07-05-002917.zip,800693870,t,t,,passed,f,167,,t,,2026-07-05 00:28:01,2026-07-05 00:30:48,,1,1,A
2132,12,2,hetzner_objectstorage,full,scheduled,completed,v3-zip,matematica-interactiva.ro/matematica-interactiva.ro-full-2026-07-05-003422.zip,1667758688,t,t,,passed,f,334,,t,,2026-07-05 00:30:06,2026-07-05 00:35:40,,1,1,A
2133,14,2,hetzner_objectstorage,full,scheduled,completed,v3-zip,florinpasat.com/florinpasat.com-full-2026-07-05-004222.zip,4206319668,t,t,,passed,f,881,,t,,2026-07-05 00:33:02,2026-07-05 00:47:43,,1,1,A
2134,25,2,hetzner_objectstorage,full,scheduled,completed,v3-zip,premiumstone.ro/premiumstone.ro-full-2026-07-05-003735.zip,517668002,t,t,,passed,f,118,,t,,2026-07-05 00:36:02,2026-07-05 00:38:00,,1,1,A
2135,24,2,hetzner_objectstorage,full,scheduled,completed,v3-zip,isor.ro/isor.ro-full-2026-07-05-004209.zip,2739884142,t,t,,passed,f,438,,t,,2026-07-05 00:39:00,2026-07-05 00:46:18,,1,1,A
2136,6,2,hetzner_objectstorage,full,scheduled,completed,v3-zip,m1-beauty.hu/m1-beauty.hu-full-2026-07-05-010659.zip,3374289216,t,t,,passed,f,579,,t,,2026-07-05 01:00:01,2026-07-05 01:09:40,,1,1,A
2137,3,2,hetzner_objectstorage,full,scheduled,completed,direct-s3,m1-beauty.at/m1-beauty.at-full-2026-07-05-011124.zip,2962933239,t,f,,passed,f,1024,,t,,2026-07-05 01:03:02,2026-07-05 01:20:06,,1,1,A
2138,17,2,hetzner_objectstorage,full,scheduled,completed,v3-zip,georgianaungureanu.ro/georgianaungureanu.ro-full-2026-07-05-021534.zip,1036259886,t,f,,passed,f,300,,t,,2026-07-05 02:12:01,2026-07-05 02:17:01,,1,1,A
2139,37,2,hetzner_objectstorage,full,scheduled,failed,v2-zip,,,f,f,,never_tested,f,227,,f,,2026-07-05 03:00:01,2026-07-05 03:03:48,"An exception occurred while uploading parts to a multipart upload. The following parts had errors:
- Part 8: Error execu",,,D
2140,32,2,hetzner_objectstorage,full,scheduled,completed,v3-zip,feaagalati.ro/feaagalati.ro-full-2026-07-05-030354.zip,448460134,t,t,,passed,f,92,,t,,2026-07-05 03:03:00,2026-07-05 03:04:32,,1,1,A
2141,37,2,hetzner_objectstorage,full,scheduled,completed,v3-zip,notificarisuplimente.ro/notificarisuplimente.ro-full-2026-07-05-030744.zip,547414890,t,t,,passed,f,187,,t,,2026-07-05 03:05:48,2026-07-05 03:08:55,,1,1,A
2142,38,2,hetzner_objectstorage,full,scheduled,completed,v3-zip,motivonti.ro/motivonti.ro-full-2026-07-05-030807.zip,2237265585,t,t,,passed,f,306,,t,,2026-07-05 03:06:00,2026-07-05 03:11:06,,1,1,A
2143,6,2,hetzner_objectstorage,full,scheduled,failed,v2-zip,,,f,f,,never_tested,f,608,,f,,2026-07-06 03:00:07,2026-07-06 03:10:15,"An exception occurred while uploading parts to a multipart upload. The following parts had errors:
- Part 25: Error exec",,,D
2144,13,2,hetzner_objectstorage,full,scheduled,completed,v3-zip,fastrackids.ro/fastrackids.ro-full-2026-07-07-000538.zip,1996645491,t,t,,passed,f,286,,t,,2026-07-07 00:03:00,2026-07-07 00:07:46,,1,1,A
2145,22,2,hetzner_objectstorage,full,scheduled,completed,v3-zip,pallady.ichb.ro/pallady.ichb.ro-full-2026-07-07-000819.zip,1316628236,t,t,,passed,f,207,,t,,2026-07-07 00:06:01,2026-07-07 00:09:28,,1,1,A
2146,19,2,hetzner_objectstorage,full,scheduled,completed,v3-zip,manuelasirbu.ro/manuelasirbu.ro-full-2026-07-07-001036.zip,613600708,t,t,,passed,f,141,,t,,2026-07-07 00:09:01,2026-07-07 00:11:22,,1,1,A
2147,18,2,hetzner_objectstorage,full,scheduled,completed,v3-zip,hotelsimonahalep.ro/hotelsimonahalep.ro-full-2026-07-07-001256.zip,668364032,t,t,,passed,f,88,,t,,2026-07-07 00:12:00,2026-07-07 00:13:28,,1,1,A
2148,33,2,hetzner_objectstorage,full,scheduled,completed,v3-zip,ehvac.ro/ehvac.ro-full-2026-07-07-002723.zip,1474508282,t,t,,passed,f,1062,,t,,2026-07-07 00:15:00,2026-07-07 00:32:42,,1,1,A
2149,29,2,hetzner_objectstorage,full,scheduled,completed,v3-zip,marketingdeck.com/marketingdeck.com-full-2026-07-07-001915.zip,800686798,t,t,,passed,f,109,,t,,2026-07-07 00:18:01,2026-07-07 00:19:50,,1,1,A
2150,27,2,hetzner_objectstorage,full,scheduled,completed,v3-zip,paulardeleanu.ro/paulardeleanu.ro-full-2026-07-07-002751.zip,3881814721,t,t,,passed,f,860,,t,,2026-07-07 00:21:07,2026-07-07 00:35:27,,1,1,A
2151,16,2,hetzner_objectstorage,full,scheduled,completed,v3-zip,priority-clinic.ro/priority-clinic.ro-full-2026-07-07-002711.zip,2228208067,t,t,,passed,f,585,,t,,2026-07-07 00:24:01,2026-07-07 00:33:46,,1,1,A
2152,12,2,hetzner_objectstorage,full,scheduled,failed,v2-zip,,,f,f,,never_tested,f,521,,f,,2026-07-07 00:32:56,2026-07-07 00:41:37,"An exception occurred while uploading parts to a multipart upload. The following parts had errors:
- Part 5: Error execu",,,D
2153,25,2,hetzner_objectstorage,full,scheduled,completed,v3-zip,premiumstone.ro/premiumstone.ro-full-2026-07-07-003535.zip,515745900,t,t,,passed,f,121,,t,,2026-07-07 00:33:59,2026-07-07 00:36:00,,1,1,A
2154,14,2,hetzner_objectstorage,full,scheduled,failed,v2-zip,,,f,f,,never_tested,f,1017,,f,,2026-07-07 00:36:16,2026-07-07 00:53:13,"An exception occurred while uploading parts to a multipart upload. The following parts had errors:
- Part 65: Error exec",,,D
2155,24,2,hetzner_objectstorage,full,scheduled,failed,v2-zip,,,f,f,,never_tested,f,257,,f,,2026-07-07 00:39:11,2026-07-07 00:43:28,"An exception occurred while initiating a multipart upload: Error executing ""CreateMultipartUpload"" on ""https://nbg1.your",,,D
2156,12,2,hetzner_objectstorage,full,scheduled,failed,v2-zip,,,f,f,,never_tested,f,661,,f,,2026-07-07 00:43:37,2026-07-07 00:54:38,"An exception occurred while uploading parts to a multipart upload. The following parts had errors:
- Part 2: Error execu",,,D
2157,24,2,hetzner_objectstorage,full,scheduled,failed,v2-zip,,,f,f,,never_tested,f,560,,f,,2026-07-07 00:45:42,2026-07-07 00:55:02,"An exception occurred while uploading parts to a multipart upload. The following parts had errors:
- Part 2: Error execu",,,D
2158,14,2,hetzner_objectstorage,full,scheduled,failed,v2-zip,,,f,f,,never_tested,f,997,,f,,2026-07-07 00:55:13,2026-07-07 01:11:50,"An exception occurred while uploading parts to a multipart upload. The following parts had errors:
- Part 39: Error exec",,,D
2159,6,2,hetzner_objectstorage,full,scheduled,failed,v2-zip,,,f,f,,never_tested,f,689,,f,,2026-07-07 01:00:20,2026-07-07 01:11:49,"An exception occurred while uploading parts to a multipart upload. The following parts had errors:
- Part 4: Error execu",,,D
2160,3,2,hetzner_objectstorage,full,scheduled,failed,v2-zip,,,f,f,,never_tested,f,534,,f,,2026-07-07 01:03:00,2026-07-07 01:11:54,"Error executing ""CreateMultipartUpload"" on ""https://nbg1.your-objectstorage.com/sad/m1-beauty.at/m1-beauty.at-full-2026-",,,D
2161,3,2,hetzner_objectstorage,full,scheduled,failed,v2-zip,,,f,f,,never_tested,f,532,,f,,2026-07-07 01:13:54,2026-07-07 01:22:46,"upload-part 3/29 failed: HTTP 500 — {""success"":false,""error"":{""code"":""UPLOAD_FAILED"",""message"":""Failed to upload S3 part",,,D
2162,6,2,hetzner_objectstorage,full,scheduled,failed,v2-zip,,,f,f,,never_tested,f,631,,f,,2026-07-07 01:14:17,2026-07-07 01:24:48,"An exception occurred while uploading parts to a multipart upload. The following parts had errors:
- Part 4: Error execu",,,D
2163,15,2,hetzner_objectstorage,full,scheduled,failed,v2-zip,,,f,f,,never_tested,f,168,,f,,2026-07-07 02:00:02,2026-07-07 02:02:50,"An exception occurred while uploading parts to a multipart upload. The following parts had errors:
- Part 6: Error execu",,,D
2164,17,2,hetzner_objectstorage,full,scheduled,completed,v3-zip,georgianaungureanu.ro/georgianaungureanu.ro-full-2026-07-07-024006.zip,1036907639,t,f,,passed,f,311,,t,,2026-07-07 02:36:19,2026-07-07 02:41:30,,1,1,A
2165,37,2,hetzner_objectstorage,full,scheduled,completed,v3-zip,notificarisuplimente.ro/notificarisuplimente.ro-full-2026-07-07-030202.zip,547420730,t,t,,passed,f,179,,t,,2026-07-07 03:00:02,2026-07-07 03:03:01,,1,1,A
2166,38,2,hetzner_objectstorage,full,scheduled,completed,v3-zip,motivonti.ro/motivonti.ro-full-2026-07-07-030605.zip,2237237267,t,t,,passed,f,289,,t,,2026-07-07 03:03:59,2026-07-07 03:08:48,,1,1,A
2167,32,2,hetzner_objectstorage,full,scheduled,completed,v3-zip,feaagalati.ro/feaagalati.ro-full-2026-07-07-030657.zip,448458770,t,t,,passed,f,106,,t,,2026-07-07 03:06:00,2026-07-07 03:07:46,,1,1,A
2168,19,2,hetzner_objectstorage,full,scheduled,completed,v3-zip,manuelasirbu.ro/manuelasirbu.ro-full-2026-07-08-000132.zip,613852777,t,t,,passed,f,140,,t,,2026-07-08 00:00:01,2026-07-08 00:02:21,,1,1,A
2169,18,2,hetzner_objectstorage,full,scheduled,completed,v3-zip,hotelsimonahalep.ro/hotelsimonahalep.ro-full-2026-07-08-000355.zip,670012454,t,t,,passed,f,90,,t,,2026-07-08 00:03:00,2026-07-08 00:04:30,,1,1,A
2170,13,2,hetzner_objectstorage,full,scheduled,completed,v3-zip,fastrackids.ro/fastrackids.ro-full-2026-07-08-000832.zip,1996676237,t,t,,passed,f,263,,t,,2026-07-08 00:06:00,2026-07-08 00:10:23,,1,1,A
2171,22,2,hetzner_objectstorage,full,scheduled,completed,v3-zip,pallady.ichb.ro/pallady.ichb.ro-full-2026-07-08-001239.zip,1316548867,t,t,,passed,f,232,,t,,2026-07-08 00:10:16,2026-07-08 00:14:08,,1,1,A
2172,29,2,hetzner_objectstorage,full,scheduled,completed,v3-zip,marketingdeck.com/marketingdeck.com-full-2026-07-08-001319.zip,801007310,t,t,,passed,f,170,,t,,2026-07-08 00:12:02,2026-07-08 00:14:52,,1,1,A
2173,33,2,hetzner_objectstorage,full,scheduled,completed,v3-zip,ehvac.ro/ehvac.ro-full-2026-07-08-002705.zip,1474374605,t,t,,passed,f,828,,t,,2026-07-08 00:15:03,2026-07-08 00:28:51,,1,1,A
2174,16,2,hetzner_objectstorage,full,scheduled,failed,v2-zip,,,f,f,,never_tested,f,338,,f,,2026-07-08 00:18:00,2026-07-08 00:23:38,"An exception occurred while uploading parts to a multipart upload. The following parts had errors:
- Part 13: Error exec",,,D
2175,27,2,hetzner_objectstorage,full,scheduled,completed,v3-zip,paulardeleanu.ro/paulardeleanu.ro-full-2026-07-08-002939.zip,3882180992,t,t,,passed,f,798,,t,,2026-07-08 00:22:48,2026-07-08 00:36:06,,1,1,A
2176,25,2,hetzner_objectstorage,full,scheduled,completed,v3-zip,premiumstone.ro/premiumstone.ro-full-2026-07-08-002532.zip,518372760,t,t,,passed,f,130,,t,,2026-07-08 00:24:02,2026-07-08 00:26:12,,1,1,A
2177,16,2,hetzner_objectstorage,full,scheduled,completed,v3-zip,priority-clinic.ro/priority-clinic.ro-full-2026-07-08-002939.zip,2228509631,t,t,,passed,f,447,,t,,2026-07-08 00:26:26,2026-07-08 00:33:53,,1,1,A
2178,12,2,hetzner_objectstorage,full,scheduled,completed,v3-zip,matematica-interactiva.ro/matematica-interactiva.ro-full-2026-07-08-003406.zip,1669172779,t,t,,passed,f,451,,t,,2026-07-08 00:29:04,2026-07-08 00:36:35,,1,1,A
2179,14,2,hetzner_objectstorage,full,scheduled,completed,v3-zip,florinpasat.com/florinpasat.com-full-2026-07-08-004336.zip,4207620335,t,t,,passed,f,852,,t,,2026-07-08 00:34:09,2026-07-08 00:48:21,,1,1,A
2180,24,2,hetzner_objectstorage,full,scheduled,completed,v3-zip,isor.ro/isor.ro-full-2026-07-08-004203.zip,2739893577,t,t,,passed,f,358,,t,,2026-07-08 00:39:02,2026-07-08 00:45:00,,1,1,A
2181,15,2,hetzner_objectstorage,full,scheduled,completed,v3-zip,rollshape.ro/rollshape.ro-full-2026-07-08-004859.zip,577428061,t,t,,passed,f,128,,t,,2026-07-08 00:47:29,2026-07-08 00:49:37,,1,1,A
2182,6,2,hetzner_objectstorage,full,scheduled,completed,v3-zip,m1-beauty.hu/m1-beauty.hu-full-2026-07-08-010650.zip,3374289781,t,t,,passed,f,618,,t,,2026-07-08 01:00:01,2026-07-08 01:10:19,,1,1,A
2183,3,2,hetzner_objectstorage,full,scheduled,completed,direct-s3,m1-beauty.at/m1-beauty.at-full-2026-07-08-011419.zip,32726360,t,f,,passed,f,517,,t,,2026-07-08 01:05:59,2026-07-08 01:14:36,,1,1,A
2184,17,2,hetzner_objectstorage,full,scheduled,completed,v3-zip,georgianaungureanu.ro/georgianaungureanu.ro-full-2026-07-08-024002.zip,1037219875,t,f,,passed,f,315,,t,,2026-07-08 02:36:23,2026-07-08 02:41:38,,1,1,A
2185,37,2,hetzner_objectstorage,full,scheduled,completed,v3-zip,notificarisuplimente.ro/notificarisuplimente.ro-full-2026-07-08-030200.zip,547419221,t,t,,passed,f,191,,t,,2026-07-08 03:00:01,2026-07-08 03:03:12,,1,1,A
2186,32,2,hetzner_objectstorage,full,scheduled,completed,v3-zip,feaagalati.ro/feaagalati.ro-full-2026-07-08-030720.zip,448486730,t,t,,passed,f,104,,t,,2026-07-08 03:06:25,2026-07-08 03:08:09,,1,1,A
2187,38,2,hetzner_objectstorage,full,scheduled,failed,v2-zip,,,f,f,,never_tested,f,276,,f,,2026-07-08 03:10:40,2026-07-08 03:15:16,"An exception occurred while uploading parts to a multipart upload. The following parts had errors:
- Part 11: Error exec",,,D
2188,38,2,hetzner_objectstorage,full,scheduled,completed,v3-zip,motivonti.ro/motivonti.ro-full-2026-07-08-031918.zip,2237265773,t,t,,passed,f,263,,t,,2026-07-08 03:17:17,2026-07-08 03:21:40,,1,1,A
2189,18,2,hetzner_objectstorage,full,scheduled,completed,v3-zip,hotelsimonahalep.ro/hotelsimonahalep.ro-full-2026-07-09-000056.zip,670427505,t,t,,passed,f,88,,t,,2026-07-09 00:00:01,2026-07-09 00:01:29,,1,1,A
2190,15,2,hetzner_objectstorage,full,scheduled,completed,v3-zip,rollshape.ro/rollshape.ro-full-2026-07-09-000422.zip,577735269,t,t,,passed,f,111,,t,,2026-07-09 00:03:00,2026-07-09 00:04:51,,1,1,A
2191,13,2,hetzner_objectstorage,full,scheduled,completed,v3-zip,fastrackids.ro/fastrackids.ro-full-2026-07-09-000838.zip,1998310771,t,t,,passed,f,243,,t,,2026-07-09 00:06:00,2026-07-09 00:10:03,,1,1,A
2192,19,2,hetzner_objectstorage,full,scheduled,completed,v3-zip,manuelasirbu.ro/manuelasirbu.ro-full-2026-07-09-001042.zip,614550173,t,t,,passed,f,134,,t,,2026-07-09 00:09:01,2026-07-09 00:11:15,,1,1,A
2193,22,2,hetzner_objectstorage,full,scheduled,completed,v3-zip,pallady.ichb.ro/pallady.ichb.ro-full-2026-07-09-001420.zip,1316812391,t,t,,passed,f,197,,t,,2026-07-09 00:12:02,2026-07-09 00:15:19,,1,1,A
2194,29,2,hetzner_objectstorage,full,scheduled,completed,v3-zip,marketingdeck.com/marketingdeck.com-full-2026-07-09-001616.zip,801006169,t,t,,passed,f,109,,t,,2026-07-09 00:15:02,2026-07-09 00:16:51,,1,1,A
2195,17,2,hetzner_objectstorage,full,scheduled,completed,v3-zip,georgianaungureanu.ro/georgianaungureanu.ro-full-2026-07-09-002136.zip,1037534037,t,f,,passed,f,323,,t,,2026-07-09 00:18:00,2026-07-09 00:23:23,,1,1,A
2196,25,2,hetzner_objectstorage,full,scheduled,completed,v3-zip,premiumstone.ro/premiumstone.ro-full-2026-07-09-002233.zip,520970792,t,t,,passed,f,146,,t,,2026-07-09 00:21:00,2026-07-09 00:23:26,,1,1,A
2197,33,2,hetzner_objectstorage,full,scheduled,completed,v3-zip,ehvac.ro/ehvac.ro-full-2026-07-09-003623.zip,1474825330,t,t,,passed,f,931,,t,,2026-07-09 00:24:01,2026-07-09 00:39:32,,1,1,A
2198,16,2,hetzner_objectstorage,full,scheduled,completed,v3-zip,priority-clinic.ro/priority-clinic.ro-full-2026-07-09-003013.zip,2228729882,t,t,,passed,f,295,,t,,2026-07-09 00:27:01,2026-07-09 00:31:56,,1,1,A
2199,27,2,hetzner_objectstorage,full,scheduled,completed,v3-zip,paulardeleanu.ro/paulardeleanu.ro-full-2026-07-09-003646.zip,3882217051,t,t,,passed,f,767,,t,,2026-07-09 00:30:02,2026-07-09 00:42:49,,1,1,A
2200,12,2,hetzner_objectstorage,full,scheduled,completed,v3-zip,matematica-interactiva.ro/matematica-interactiva.ro-full-2026-07-09-003724.zip,1671344871,t,t,,passed,f,510,,t,,2026-07-09 00:33:00,2026-07-09 00:41:30,,1,1,A
2201,14,2,hetzner_objectstorage,full,scheduled,completed,v3-zip,florinpasat.com/florinpasat.com-full-2026-07-09-004921.zip,4208126330,t,t,,passed,f,748,,t,,2026-07-09 00:39:46,2026-07-09 00:52:14,,1,1,A
2202,24,2,hetzner_objectstorage,full,scheduled,completed,v3-zip,isor.ro/isor.ro-full-2026-07-09-004446.zip,2739888548,t,t,,passed,f,296,,t,,2026-07-09 00:41:44,2026-07-09 00:46:40,,1,1,A
2203,6,2,hetzner_objectstorage,full,scheduled,completed,v3-zip,m1-beauty.hu/m1-beauty.hu-full-2026-07-09-010652.zip,3374289632,t,t,,passed,f,563,,t,,2026-07-09 01:00:02,2026-07-09 01:09:25,,1,1,A
2204,3,2,hetzner_objectstorage,full,scheduled,completed,direct-s3,m1-beauty.at/m1-beauty.at-full-2026-07-09-011257.zip,2964771871,t,f,,passed,f,1106,,t,,2026-07-09 01:03:00,2026-07-09 01:21:26,,1,1,A
2205,17,2,hetzner_objectstorage,full,scheduled,completed,v3-zip,georgianaungureanu.ro/georgianaungureanu.ro-full-2026-07-09-022134.zip,1037567832,t,f,,passed,f,321,,t,,2026-07-09 02:18:00,2026-07-09 02:23:21,,1,1,A
2206,37,2,hetzner_objectstorage,full,scheduled,completed,v3-zip,notificarisuplimente.ro/notificarisuplimente.ro-full-2026-07-09-030203.zip,547421641,t,t,,passed,f,149,,t,,2026-07-09 03:00:00,2026-07-09 03:02:29,,1,1,A
2207,32,2,hetzner_objectstorage,full,scheduled,completed,v3-zip,feaagalati.ro/feaagalati.ro-full-2026-07-09-030354.zip,448492224,t,t,,passed,f,77,,t,,2026-07-09 03:03:00,2026-07-09 03:04:17,,1,1,A
2208,38,2,hetzner_objectstorage,full,scheduled,completed,v3-zip,motivonti.ro/motivonti.ro-full-2026-07-09-030804.zip,2237239042,t,t,,passed,f,221,,t,,2026-07-09 03:06:00,2026-07-09 03:09:41,,1,1,A
2209,25,2,hetzner_objectstorage,full,scheduled,completed,v3-zip,premiumstone.ro/premiumstone.ro-full-2026-07-10-000131.zip,517655379,t,t,,passed,f,111,,t,,2026-07-10 00:00:01,2026-07-10 00:01:52,,1,1,A
2210,18,2,hetzner_objectstorage,full,scheduled,completed,v3-zip,hotelsimonahalep.ro/hotelsimonahalep.ro-full-2026-07-10-000358.zip,670465788,t,t,,passed,f,86,,t,,2026-07-10 00:03:00,2026-07-10 00:04:26,,1,1,A
2211,15,2,hetzner_objectstorage,full,scheduled,completed,v3-zip,rollshape.ro/rollshape.ro-full-2026-07-10-000722.zip,577974529,t,t,,passed,f,112,,t,,2026-07-10 00:06:00,2026-07-10 00:07:52,,1,1,A
2212,16,2,hetzner_objectstorage,full,scheduled,completed,v3-zip,priority-clinic.ro/priority-clinic.ro-full-2026-07-10-001209.zip,2229002295,t,t,,passed,f,290,,t,,2026-07-10 00:09:01,2026-07-10 00:13:51,,1,1,A
2213,33,2,hetzner_objectstorage,full,scheduled,completed,v3-zip,ehvac.ro/ehvac.ro-full-2026-07-10-002433.zip,1474820674,t,t,,passed,f,985,,t,,2026-07-10 00:12:01,2026-07-10 00:28:26,,1,1,A
2214,12,2,hetzner_objectstorage,full,scheduled,completed,v3-zip,matematica-interactiva.ro/matematica-interactiva.ro-full-2026-07-10-001903.zip,1674408585,t,t,,passed,f,322,,t,,2026-07-10 00:15:01,2026-07-10 00:20:23,,1,1,A
2215,27,2,hetzner_objectstorage,full,scheduled,completed,v3-zip,paulardeleanu.ro/paulardeleanu.ro-full-2026-07-10-002455.zip,3882255959,t,t,,passed,f,739,,t,,2026-07-10 00:18:03,2026-07-10 00:30:22,,1,1,A
2216,13,2,hetzner_objectstorage,full,scheduled,completed,v3-zip,fastrackids.ro/fastrackids.ro-full-2026-07-10-002347.zip,1998782998,t,t,,passed,f,379,,t,,2026-07-10 00:21:01,2026-07-10 00:27:20,,1,1,A
2217,14,2,hetzner_objectstorage,full,scheduled,completed,v3-zip,florinpasat.com/florinpasat.com-full-2026-07-10-003649.zip,4215244960,t,t,,passed,f,732,,t,,2026-07-10 00:27:37,2026-07-10 00:39:49,,1,1,A
2218,19,2,hetzner_objectstorage,full,scheduled,completed,v3-zip,manuelasirbu.ro/manuelasirbu.ro-full-2026-07-10-003050.zip,614908561,t,t,,passed,f,132,,t,,2026-07-10 00:29:11,2026-07-10 00:31:23,,1,1,A
2219,22,2,hetzner_objectstorage,full,scheduled,completed,v3-zip,pallady.ichb.ro/pallady.ichb.ro-full-2026-07-10-003254.zip,1317007823,t,t,,passed,f,200,,t,,2026-07-10 00:30:34,2026-07-10 00:33:54,,1,1,A
2220,29,2,hetzner_objectstorage,full,scheduled,completed,v3-zip,marketingdeck.com/marketingdeck.com-full-2026-07-10-003417.zip,800602215,t,t,,passed,f,113,,t,,2026-07-10 00:33:01,2026-07-10 00:34:54,,1,1,A
2221,17,2,hetzner_objectstorage,full,scheduled,completed,v3-zip,georgianaungureanu.ro/georgianaungureanu.ro-full-2026-07-10-003947.zip,1037821188,t,f,,passed,f,314,,t,,2026-07-10 00:36:01,2026-07-10 00:41:15,,1,1,A
2222,24,2,hetzner_objectstorage,full,scheduled,completed,v3-zip,isor.ro/isor.ro-full-2026-07-10-004206.zip,2739889630,t,t,,passed,f,291,,t,,2026-07-10 00:39:03,2026-07-10 00:43:54,,1,1,A
2223,6,2,hetzner_objectstorage,full,scheduled,completed,v3-zip,m1-beauty.hu/m1-beauty.hu-full-2026-07-10-010637.zip,3374290204,t,t,,passed,f,534,,t,,2026-07-10 01:00:01,2026-07-10 01:08:55,,1,1,A
2224,3,2,hetzner_objectstorage,full,scheduled,completed,direct-s3,m1-beauty.at/m1-beauty.at-full-2026-07-10-011016.zip,32786185,t,f,,passed,f,450,,t,,2026-07-10 01:03:00,2026-07-10 01:10:30,,1,1,A
2225,17,2,hetzner_objectstorage,full,scheduled,completed,v3-zip,georgianaungureanu.ro/georgianaungureanu.ro-full-2026-07-10-023938.zip,1037874771,t,f,,passed,f,297,,t,,2026-07-10 02:36:02,2026-07-10 02:40:59,,1,1,A
2226,37,2,hetzner_objectstorage,full,scheduled,completed,v3-zip,notificarisuplimente.ro/notificarisuplimente.ro-full-2026-07-10-030201.zip,547422618,t,t,,passed,f,145,,t,,2026-07-10 03:00:00,2026-07-10 03:02:25,,1,1,A
2227,32,2,hetzner_objectstorage,full,scheduled,completed,v3-zip,feaagalati.ro/feaagalati.ro-full-2026-07-10-030356.zip,448521557,t,t,,passed,f,74,,t,,2026-07-10 03:03:00,2026-07-10 03:04:14,,1,1,A
2228,38,2,hetzner_objectstorage,full,scheduled,completed,v3-zip,motivonti.ro/motivonti.ro-full-2026-07-10-030806.zip,2237237501,t,t,,passed,f,217,,t,,2026-07-10 03:06:00,2026-07-10 03:09:37,,1,1,A
2229,25,2,hetzner_objectstorage,full,scheduled,completed,v3-zip,premiumstone.ro/premiumstone.ro-full-2026-07-11-000135.zip,517244035,t,t,,passed,f,150,,t,,2026-07-11 00:00:01,2026-07-11 00:02:31,,1,1,A
2230,29,2,hetzner_objectstorage,full,scheduled,completed,v3-zip,marketingdeck.com/marketingdeck.com-full-2026-07-11-000418.zip,801342827,t,t,,passed,f,166,,t,,2026-07-11 00:03:01,2026-07-11 00:05:47,,1,1,A
2231,18,2,hetzner_objectstorage,full,scheduled,completed,v3-zip,hotelsimonahalep.ro/hotelsimonahalep.ro-full-2026-07-11-000701.zip,681175411,t,t,,passed,f,118,,t,,2026-07-11 00:06:01,2026-07-11 00:07:59,,1,1,A
2232,15,2,hetzner_objectstorage,full,scheduled,completed,v3-zip,rollshape.ro/rollshape.ro-full-2026-07-11-001019.zip,571365514,t,t,,passed,f,104,,t,,2026-07-11 00:09:01,2026-07-11 00:10:45,,1,1,A
2233,14,2,hetzner_objectstorage,full,scheduled,completed,v3-zip,florinpasat.com/florinpasat.com-full-2026-07-11-002057.zip,4197915615,t,t,,passed,f,957,,t,,2026-07-11 00:12:00,2026-07-11 00:27:57,,1,1,A
2234,16,2,hetzner_objectstorage,full,scheduled,completed,v3-zip,priority-clinic.ro/priority-clinic.ro-full-2026-07-11-001820.zip,2229322940,t,t,,passed,f,297,,t,,2026-07-11 00:15:02,2026-07-11 00:19:59,,1,1,A
2235,12,2,hetzner_objectstorage,full,scheduled,completed,v3-zip,matematica-interactiva.ro/matematica-interactiva.ro-full-2026-07-11-002209.zip,1672008109,t,t,,passed,f,527,,t,,2026-07-11 00:18:00,2026-07-11 00:26:47,,1,1,A
2236,13,2,hetzner_objectstorage,full,scheduled,completed,v3-zip,fastrackids.ro/fastrackids.ro-full-2026-07-11-002342.zip,1999133576,t,t,,passed,f,418,,t,,2026-07-11 00:21:02,2026-07-11 00:28:00,,1,1,A
2237,33,2,hetzner_objectstorage,full,scheduled,completed,v3-zip,ehvac.ro/ehvac.ro-full-2026-07-11-003941.zip,1475078909,t,t,,passed,f,833,,t,,2026-07-11 00:27:12,2026-07-11 00:41:05,,1,1,A
2238,27,2,hetzner_objectstorage,full,scheduled,completed,v3-zip,paulardeleanu.ro/paulardeleanu.ro-full-2026-07-11-003502.zip,3882828740,t,t,,passed,f,615,,t,,2026-07-11 00:28:26,2026-07-11 00:38:41,,1,1,A
2239,17,2,hetzner_objectstorage,full,scheduled,completed,v3-zip,georgianaungureanu.ro/georgianaungureanu.ro-full-2026-07-11-003339.zip,1038101652,t,f,,passed,f,306,,t,,2026-07-11 00:30:01,2026-07-11 00:35:07,,1,1,A
2240,19,2,hetzner_objectstorage,full,scheduled,completed,v3-zip,manuelasirbu.ro/manuelasirbu.ro-full-2026-07-11-003656.zip,615425469,t,t,,passed,f,187,,t,,2026-07-11 00:35:17,2026-07-11 00:38:24,,1,1,A
2241,22,2,hetzner_objectstorage,full,scheduled,completed,v3-zip,pallady.ichb.ro/pallady.ichb.ro-full-2026-07-11-004056.zip,1317423517,t,t,,passed,f,206,,t,,2026-07-11 00:38:39,2026-07-11 00:42:05,,1,1,A
2242,24,2,hetzner_objectstorage,full,scheduled,completed,v3-zip,isor.ro/isor.ro-full-2026-07-11-004210.zip,2739887456,t,t,,passed,f,295,,t,,2026-07-11 00:39:01,2026-07-11 00:43:56,,1,1,A
2243,6,2,hetzner_objectstorage,full,scheduled,completed,v3-zip,m1-beauty.hu/m1-beauty.hu-full-2026-07-11-010652.zip,3374289982,t,t,,passed,f,551,,t,,2026-07-11 01:00:00,2026-07-11 01:09:11,,1,1,A
2244,3,2,hetzner_objectstorage,full,scheduled,completed,direct-s3,m1-beauty.at/m1-beauty.at-full-2026-07-11-011233.zip,2964984774,t,f,,passed,f,1061,,t,,2026-07-11 01:03:01,2026-07-11 01:20:42,,1,1,A
2245,17,2,hetzner_objectstorage,full,scheduled,completed,v3-zip,georgianaungureanu.ro/georgianaungureanu.ro-full-2026-07-11-023344.zip,1038140733,t,f,,passed,f,297,,t,,2026-07-11 02:30:01,2026-07-11 02:34:58,,1,1,A
2246,37,2,hetzner_objectstorage,full,scheduled,completed,v3-zip,notificarisuplimente.ro/notificarisuplimente.ro-full-2026-07-11-030200.zip,547416568,t,t,,passed,f,196,,t,,2026-07-11 03:00:01,2026-07-11 03:03:17,,1,1,A
2272,30,2,hetzner_objectstorage,full,scheduled,completed,v3-zip,feco.ro/feco.ro-full-2026-07-13-000248.zip,960186844,t,t,,passed,f,251,,t,,2026-07-13 00:00:01,2026-07-13 00:04:12,,1,1,A
2273,28,2,hetzner_objectstorage,full,scheduled,completed,v3-zip,metabolika.ro/metabolika.ro-full-2026-07-13-000431.zip,824190656,t,t,,passed,f,174,,t,,2026-07-13 00:03:02,2026-07-13 00:05:56,,1,1,A
2274,12,2,hetzner_objectstorage,full,scheduled,completed,v3-zip,matematica-interactiva.ro/matematica-interactiva.ro-full-2026-07-13-001006.zip,1672540066,t,t,,passed,f,332,,t,,2026-07-13 00:06:00,2026-07-13 00:11:32,,1,1,A
2275,18,2,hetzner_objectstorage,full,scheduled,completed,v3-zip,hotelsimonahalep.ro/hotelsimonahalep.ro-full-2026-07-13-001003.zip,681848298,t,t,,passed,f,110,,t,,2026-07-13 00:09:00,2026-07-13 00:10:50,,1,1,A
2276,13,2,hetzner_objectstorage,full,scheduled,completed,v3-zip,fastrackids.ro/fastrackids.ro-full-2026-07-13-001429.zip,1994724464,t,t,,passed,f,225,,t,,2026-07-13 00:12:02,2026-07-13 00:15:47,,1,1,A
2277,19,2,hetzner_objectstorage,full,scheduled,completed,v3-zip,manuelasirbu.ro/manuelasirbu.ro-full-2026-07-13-001639.zip,616044628,t,t,,passed,f,132,,t,,2026-07-13 00:15:02,2026-07-13 00:17:14,,1,1,A
2278,22,2,hetzner_objectstorage,full,scheduled,completed,v3-zip,pallady.ichb.ro/pallady.ichb.ro-full-2026-07-13-002018.zip,1317761224,t,t,,passed,f,180,,t,,2026-07-13 00:18:00,2026-07-13 00:21:00,,1,1,A
2279,14,2,hetzner_objectstorage,full,scheduled,completed,v3-zip,florinpasat.com/florinpasat.com-full-2026-07-13-002943.zip,4201216683,t,t,,passed,f,685,,t,,2026-07-13 00:21:00,2026-07-13 00:32:25,,1,1,A
2280,25,2,hetzner_objectstorage,full,scheduled,completed,v3-zip,premiumstone.ro/premiumstone.ro-full-2026-07-13-002534.zip,521982944,t,t,,passed,f,113,,t,,2026-07-13 00:24:00,2026-07-13 00:25:53,,1,1,A
2281,33,2,hetzner_objectstorage,full,scheduled,completed,v3-zip,ehvac.ro/ehvac.ro-full-2026-07-13-003924.zip,1466188276,t,t,,passed,f,855,,t,,2026-07-13 00:27:02,2026-07-13 00:41:17,,1,1,A
2282,27,2,hetzner_objectstorage,full,scheduled,completed,v3-zip,paulardeleanu.ro/paulardeleanu.ro-full-2026-07-13-003642.zip,3881125542,t,t,,passed,f,647,,t,,2026-07-13 00:30:02,2026-07-13 00:40:49,,1,1,A
2283,29,2,hetzner_objectstorage,full,scheduled,completed,v3-zip,marketingdeck.com/marketingdeck.com-full-2026-07-13-003416.zip,801715672,t,t,,passed,f,106,,t,,2026-07-13 00:33:02,2026-07-13 00:34:48,,1,1,A
2284,15,2,hetzner_objectstorage,full,scheduled,completed,v3-zip,rollshape.ro/rollshape.ro-full-2026-07-13-003723.zip,571867579,t,t,,passed,f,147,,t,,2026-07-13 00:36:02,2026-07-13 00:38:29,,1,1,A
2285,16,2,hetzner_objectstorage,full,scheduled,completed,v3-zip,priority-clinic.ro/priority-clinic.ro-full-2026-07-13-004228.zip,2229706536,t,t,,passed,f,286,,t,,2026-07-13 00:39:01,2026-07-13 00:43:47,,1,1,A
2286,17,2,hetzner_objectstorage,full,scheduled,completed,v3-zip,georgianaungureanu.ro/georgianaungureanu.ro-full-2026-07-13-004535.zip,1038706393,t,f,,passed,f,288,,t,,2026-07-13 00:42:00,2026-07-13 00:46:48,,1,1,A
2287,24,2,hetzner_objectstorage,full,scheduled,completed,v3-zip,isor.ro/isor.ro-full-2026-07-13-004759.zip,2740018869,t,t,,passed,f,279,,t,,2026-07-13 00:45:02,2026-07-13 00:49:41,,1,1,A
2288,6,2,hetzner_objectstorage,full,scheduled,completed,v3-zip,m1-beauty.hu/m1-beauty.hu-full-2026-07-13-010637.zip,3374332758,t,t,,passed,f,532,,t,,2026-07-13 01:00:00,2026-07-13 01:08:52,,1,1,A
2289,3,2,hetzner_objectstorage,full,scheduled,failed,v2-zip,,,f,f,,never_tested,f,2887,,f,,2026-07-13 01:03:00,2026-07-13 01:51:07,cURL error 28: Operation timed out after 30002 milliseconds with 0 bytes received (see https://curl.haxx.se/libcurl/c/li,,,D
2290,32,2,hetzner_objectstorage,full,scheduled,completed,v3-zip,feaagalati.ro/feaagalati.ro-full-2026-07-13-030056.zip,448568896,t,t,,passed,f,75,,t,,2026-07-13 03:00:00,2026-07-13 03:01:15,,1,1,A
2291,38,2,hetzner_objectstorage,full,scheduled,completed,v3-zip,motivonti.ro/motivonti.ro-full-2026-07-13-030504.zip,2237309502,t,t,,passed,f,260,,t,,2026-07-13 03:03:00,2026-07-13 03:07:20,,1,1,A
2292,37,2,hetzner_objectstorage,full,scheduled,completed,v3-zip,notificarisuplimente.ro/notificarisuplimente.ro-full-2026-07-13-030759.zip,546793855,t,t,,passed,f,152,,t,,2026-07-13 03:06:01,2026-07-13 03:08:33,,1,1,A
2293,25,2,hetzner_objectstorage,full,scheduled,completed,v3-zip,premiumstone.ro/premiumstone.ro-full-2026-07-14-000134.zip,517628845,t,t,,passed,f,134,,t,,2026-07-14 00:00:01,2026-07-14 00:02:15,,1,1,A
2294,30,2,hetzner_objectstorage,full,scheduled,completed,v3-zip,feco.ro/feco.ro-full-2026-07-14-000541.zip,961446662,t,t,,passed,f,246,,t,,2026-07-14 00:03:02,2026-07-14 00:07:08,,1,1,A
2295,28,2,hetzner_objectstorage,full,scheduled,completed,v3-zip,metabolika.ro/metabolika.ro-full-2026-07-14-000736.zip,824245316,t,t,,passed,f,121,,t,,2026-07-14 00:06:02,2026-07-14 00:08:03,,1,1,A
2296,14,2,hetzner_objectstorage,full,scheduled,completed,v3-zip,florinpasat.com/florinpasat.com-full-2026-07-14-001745.zip,4180510470,t,t,,passed,f,875,,t,,2026-07-14 00:09:00,2026-07-14 00:23:35,,1,1,A
2297,18,2,hetzner_objectstorage,full,scheduled,completed,v3-zip,hotelsimonahalep.ro/hotelsimonahalep.ro-full-2026-07-14-001301.zip,682459480,t,t,,passed,f,86,,t,,2026-07-14 00:12:00,2026-07-14 00:13:26,,1,1,A
2298,12,2,hetzner_objectstorage,full,scheduled,completed,v3-zip,matematica-interactiva.ro/matematica-interactiva.ro-full-2026-07-14-001902.zip,1672845076,t,t,,passed,f,497,,t,,2026-07-14 00:15:01,2026-07-14 00:23:18,,1,1,A
2299,29,2,hetzner_objectstorage,full,scheduled,completed,v3-zip,marketingdeck.com/marketingdeck.com-full-2026-07-14-001920.zip,801720102,t,t,,passed,f,235,,t,,2026-07-14 00:18:01,2026-07-14 00:21:56,,1,1,A
2300,13,2,hetzner_objectstorage,full,scheduled,completed,v3-zip,fastrackids.ro/fastrackids.ro-full-2026-07-14-002447.zip,1995146310,t,t,,passed,f,261,,t,,2026-07-14 00:21:59,2026-07-14 00:26:20,,1,1,A
2301,15,2,hetzner_objectstorage,full,scheduled,completed,v3-zip,rollshape.ro/rollshape.ro-full-2026-07-14-002519.zip,572115128,t,t,,passed,f,134,,t,,2026-07-14 00:24:00,2026-07-14 00:26:14,,1,1,A
2302,19,2,hetzner_objectstorage,full,scheduled,completed,v3-zip,manuelasirbu.ro/manuelasirbu.ro-full-2026-07-14-002837.zip,616296884,t,t,,passed,f,126,,t,,2026-07-14 00:27:00,2026-07-14 00:29:06,,1,1,A
2303,27,2,hetzner_objectstorage,full,scheduled,completed,v3-zip,paulardeleanu.ro/paulardeleanu.ro-full-2026-07-14-003635.zip,3881436212,t,t,,passed,f,597,,t,,2026-07-14 00:30:01,2026-07-14 00:39:58,,1,1,A
2304,33,2,hetzner_objectstorage,full,scheduled,completed,v3-zip,ehvac.ro/ehvac.ro-full-2026-07-14-004537.zip,1460832247,t,t,,passed,f,903,,t,,2026-07-14 00:33:02,2026-07-14 00:48:05,,1,1,A
2305,22,2,hetzner_objectstorage,full,scheduled,completed,v3-zip,pallady.ichb.ro/pallady.ichb.ro-full-2026-07-14-003827.zip,1317853929,t,t,,passed,f,239,,t,,2026-07-14 00:36:02,2026-07-14 00:40:01,,1,1,A
2306,16,2,hetzner_objectstorage,full,scheduled,completed,v3-zip,priority-clinic.ro/priority-clinic.ro-full-2026-07-14-004322.zip,2229974051,t,t,,passed,f,290,,t,,2026-07-14 00:40:03,2026-07-14 00:44:53,,1,1,A
2307,17,2,hetzner_objectstorage,full,scheduled,completed,v3-zip,georgianaungureanu.ro/georgianaungureanu.ro-full-2026-07-14-004539.zip,1038986245,t,f,,passed,f,398,,t,,2026-07-14 00:42:01,2026-07-14 00:48:39,,1,1,A
2308,24,2,hetzner_objectstorage,full,scheduled,completed,v3-zip,isor.ro/isor.ro-full-2026-07-14-004818.zip,2740165542,t,t,,passed,f,308,,t,,2026-07-14 00:45:02,2026-07-14 00:50:10,,1,1,A
2309,6,2,hetzner_objectstorage,full,scheduled,completed,v3-zip,m1-beauty.hu/m1-beauty.hu-full-2026-07-14-010626.zip,3374690014,t,t,,passed,f,510,,t,,2026-07-14 01:00:01,2026-07-14 01:08:31,,1,1,A
2310,3,2,hetzner_objectstorage,full,scheduled,failed,v2-zip,,,f,f,,never_tested,f,1242,,f,,2026-07-14 01:03:00,2026-07-14 01:23:42,cURL error 28: Operation timed out after 15002 milliseconds with 0 bytes received (see https://curl.haxx.se/libcurl/c/li,,,D
2311,32,2,hetzner_objectstorage,full,scheduled,completed,v3-zip,feaagalati.ro/feaagalati.ro-full-2026-07-14-030056.zip,448577321,t,t,,passed,f,79,,t,,2026-07-14 03:00:01,2026-07-14 03:01:20,,1,1,A
2312,38,2,hetzner_objectstorage,full,scheduled,completed,v3-zip,motivonti.ro/motivonti.ro-full-2026-07-14-030505.zip,2237287512,t,t,,passed,f,224,,t,,2026-07-14 03:03:00,2026-07-14 03:06:44,,1,1,A
2313,37,2,hetzner_objectstorage,full,scheduled,completed,v3-zip,notificarisuplimente.ro/notificarisuplimente.ro-full-2026-07-14-030801.zip,546797713,t,t,,passed,f,143,,t,,2026-07-14 03:06:02,2026-07-14 03:08:25,,1,1,A
2314,15,2,hetzner_objectstorage,full,scheduled,completed,v3-zip,rollshape.ro/rollshape.ro-full-2026-07-15-000123.zip,572356376,t,t,,passed,f,132,,t,,2026-07-15 00:00:01,2026-07-15 00:02:13,,1,1,A
2315,13,2,hetzner_objectstorage,full,scheduled,completed,v3-zip,fastrackids.ro/fastrackids.ro-full-2026-07-15-000535.zip,1995564632,t,t,,passed,f,353,,t,,2026-07-15 00:03:00,2026-07-15 00:08:53,,1,1,A
2316,19,2,hetzner_objectstorage,full,scheduled,completed,v3-zip,manuelasirbu.ro/manuelasirbu.ro-full-2026-07-15-000745.zip,616521504,t,t,,passed,f,183,,t,,2026-07-15 00:06:03,2026-07-15 00:09:06,,1,1,A
2317,27,2,hetzner_objectstorage,full,scheduled,completed,v3-zip,paulardeleanu.ro/paulardeleanu.ro-full-2026-07-15-001541.zip,3881457953,t,t,,passed,f,570,,t,,2026-07-15 00:09:01,2026-07-15 00:18:31,,1,1,A
2318,22,2,hetzner_objectstorage,full,scheduled,completed,v3-zip,pallady.ichb.ro/pallady.ichb.ro-full-2026-07-15-001412.zip,1318058851,t,t,,passed,f,177,,t,,2026-07-15 00:12:00,2026-07-15 00:14:57,,1,1,A
2319,16,2,hetzner_objectstorage,full,scheduled,completed,v3-zip,priority-clinic.ro/priority-clinic.ro-full-2026-07-15-001825.zip,2230247874,t,t,,passed,f,312,,t,,2026-07-15 00:15:01,2026-07-15 00:20:13,,1,1,A
2320,25,2,hetzner_objectstorage,full,scheduled,completed,v3-zip,premiumstone.ro/premiumstone.ro-full-2026-07-15-001936.zip,517529475,t,t,,passed,f,137,,t,,2026-07-15 00:18:02,2026-07-15 00:20:19,,1,1,A
2321,33,2,hetzner_objectstorage,full,scheduled,completed,v3-zip,ehvac.ro/ehvac.ro-full-2026-07-15-003322.zip,1461218005,t,t,,passed,f,820,,t,,2026-07-15 00:21:01,2026-07-15 00:34:41,,1,1,A
2322,30,2,hetzner_objectstorage,full,scheduled,completed,v3-zip,feco.ro/feco.ro-full-2026-07-15-002653.zip,969409523,t,t,,passed,f,204,,t,,2026-07-15 00:24:01,2026-07-15 00:27:25,,1,1,A
2323,17,2,hetzner_objectstorage,full,scheduled,completed,v3-zip,georgianaungureanu.ro/georgianaungureanu.ro-full-2026-07-15-003032.zip,1039269636,t,f,,passed,f,301,,t,,2026-07-15 00:27:02,2026-07-15 00:32:03,,1,1,A
2324,28,2,hetzner_objectstorage,full,scheduled,completed,v3-zip,metabolika.ro/metabolika.ro-full-2026-07-15-003127.zip,824459017,t,t,,passed,f,135,,t,,2026-07-15 00:30:01,2026-07-15 00:32:16,,1,1,A
2325,18,2,hetzner_objectstorage,full,scheduled,completed,v3-zip,hotelsimonahalep.ro/hotelsimonahalep.ro-full-2026-07-15-003403.zip,683086015,t,t,,passed,f,108,,t,,2026-07-15 00:33:01,2026-07-15 00:34:49,,1,1,A
2326,29,2,hetzner_objectstorage,full,scheduled,completed,v3-zip,marketingdeck.com/marketingdeck.com-full-2026-07-15-003717.zip,801934981,t,t,,passed,f,102,,t,,2026-07-15 00:36:01,2026-07-15 00:37:43,,1,1,A
2327,12,2,hetzner_objectstorage,full,scheduled,completed,v3-zip,matematica-interactiva.ro/matematica-interactiva.ro-full-2026-07-15-004305.zip,1672660825,t,t,,passed,f,303,,t,,2026-07-15 00:39:01,2026-07-15 00:44:04,,1,1,A
2328,14,2,hetzner_objectstorage,full,scheduled,completed,v3-zip,florinpasat.com/florinpasat.com-full-2026-07-15-005055.zip,4178424660,t,t,,passed,f,686,,t,,2026-07-15 00:42:01,2026-07-15 00:53:27,,1,1,A
2329,24,2,hetzner_objectstorage,full,scheduled,completed,v3-zip,isor.ro/isor.ro-full-2026-07-15-004748.zip,2743807315,t,t,,passed,f,269,,t,,2026-07-15 00:45:01,2026-07-15 00:49:30,,1,1,A
2330,6,2,hetzner_objectstorage,full,scheduled,completed,v3-zip,m1-beauty.hu/m1-beauty.hu-full-2026-07-15-010705.zip,3374689507,t,t,,passed,f,549,,t,,2026-07-15 01:00:00,2026-07-15 01:09:09,,1,1,A
2331,3,2,hetzner_objectstorage,full,scheduled,completed,direct-s3,m1-beauty.at/m1-beauty.at-full-2026-07-15-014129.zip,2965473962,t,f,,passed,f,2873,,t,,2026-07-15 01:03:00,2026-07-15 01:50:53,,1,1,A
2332,32,2,hetzner_objectstorage,full,scheduled,completed,v3-zip,feaagalati.ro/feaagalati.ro-full-2026-07-15-030054.zip,448575959,t,t,,passed,f,75,,t,,2026-07-15 03:00:01,2026-07-15 03:01:16,,1,1,A
2333,38,2,hetzner_objectstorage,full,scheduled,completed,v3-zip,motivonti.ro/motivonti.ro-full-2026-07-15-030506.zip,2237314084,t,t,,passed,f,207,,t,,2026-07-15 03:03:01,2026-07-15 03:06:28,,1,1,A
2334,37,2,hetzner_objectstorage,full,scheduled,completed,v3-zip,notificarisuplimente.ro/notificarisuplimente.ro-full-2026-07-15-030759.zip,546795768,t,t,,passed,f,139,,t,,2026-07-15 03:06:01,2026-07-15 03:08:20,,1,1,A
2335,33,2,hetzner_objectstorage,full,scheduled,completed,v3-zip,ehvac.ro/ehvac.ro-full-2026-07-16-001220.zip,1461801094,t,t,,passed,f,792,,t,,2026-07-16 00:00:01,2026-07-16 00:13:13,,1,1,A
2336,15,2,hetzner_objectstorage,full,scheduled,completed,v3-zip,rollshape.ro/rollshape.ro-full-2026-07-16-000422.zip,572613550,t,t,,passed,f,146,,t,,2026-07-16 00:03:01,2026-07-16 00:05:27,,1,1,A
2337,13,2,hetzner_objectstorage,full,scheduled,completed,v3-zip,fastrackids.ro/fastrackids.ro-full-2026-07-16-000829.zip,1996138346,t,t,,passed,f,236,,t,,2026-07-16 00:06:00,2026-07-16 00:09:56,,1,1,A
2338,18,2,hetzner_objectstorage,full,scheduled,completed,v3-zip,hotelsimonahalep.ro/hotelsimonahalep.ro-full-2026-07-16-001001.zip,684122167,t,t,,passed,f,84,,t,,2026-07-16 00:09:01,2026-07-16 00:10:25,,1,1,A
2339,19,2,hetzner_objectstorage,full,scheduled,completed,v3-zip,manuelasirbu.ro/manuelasirbu.ro-full-2026-07-16-001338.zip,616923530,t,t,,passed,f,126,,t,,2026-07-16 00:12:01,2026-07-16 00:14:07,,1,1,A
2340,22,2,hetzner_objectstorage,full,scheduled,completed,v3-zip,pallady.ichb.ro/pallady.ichb.ro-full-2026-07-16-001719.zip,1318184978,t,t,,passed,f,180,,t,,2026-07-16 00:15:02,2026-07-16 00:18:02,,1,1,A
2341,29,2,hetzner_objectstorage,full,scheduled,completed,v3-zip,marketingdeck.com/marketingdeck.com-full-2026-07-16-001912.zip,802390634,t,t,,passed,f,99,,t,,2026-07-16 00:18:00,2026-07-16 00:19:39,,1,1,A
2342,27,2,hetzner_objectstorage,full,scheduled,completed,v3-zip,paulardeleanu.ro/paulardeleanu.ro-full-2026-07-16-002740.zip,3881805621,t,t,,passed,f,718,,t,,2026-07-16 00:21:01,2026-07-16 00:32:59,,1,1,A
2343,16,2,hetzner_objectstorage,full,scheduled,completed,v3-zip,priority-clinic.ro/priority-clinic.ro-full-2026-07-16-002714.zip,2230545432,t,t,,passed,f,376,,t,,2026-07-16 00:24:02,2026-07-16 00:30:18,,1,1,A
2344,12,2,hetzner_objectstorage,full,scheduled,completed,v3-zip,matematica-interactiva.ro/matematica-interactiva.ro-full-2026-07-16-003112.zip,1674255010,t,t,,passed,f,400,,t,,2026-07-16 00:27:00,2026-07-16 00:33:40,,1,1,A
2345,25,2,hetzner_objectstorage,full,scheduled,completed,v3-zip,premiumstone.ro/premiumstone.ro-full-2026-07-16-003202.zip,517688269,t,t,,passed,f,174,,t,,2026-07-16 00:30:24,2026-07-16 00:33:18,,1,1,A
2346,30,2,hetzner_objectstorage,full,scheduled,completed,v3-zip,feco.ro/feco.ro-full-2026-07-16-003544.zip,971817213,t,t,,passed,f,190,,t,,2026-07-16 00:33:07,2026-07-16 00:36:17,,1,1,A
2347,14,2,hetzner_objectstorage,full,scheduled,completed,v3-zip,florinpasat.com/florinpasat.com-full-2026-07-16-004451.zip,4181039290,t,t,,passed,f,878,,t,,2026-07-16 00:36:01,2026-07-16 00:50:39,,1,1,A
2348,28,2,hetzner_objectstorage,full,scheduled,completed,v3-zip,metabolika.ro/metabolika.ro-full-2026-07-16-004022.zip,824707259,t,t,,passed,f,108,,t,,2026-07-16 00:39:02,2026-07-16 00:40:50,,1,1,A
2349,17,2,hetzner_objectstorage,full,scheduled,completed,v3-zip,georgianaungureanu.ro/georgianaungureanu.ro-full-2026-07-16-004531.zip,1039534625,t,f,,passed,f,429,,t,,2026-07-16 00:42:00,2026-07-16 00:49:09,,1,1,A
2350,24,2,hetzner_objectstorage,full,scheduled,completed,v3-zip,isor.ro/isor.ro-full-2026-07-16-004825.zip,2743742339,t,t,,passed,f,386,,t,,2026-07-16 00:45:02,2026-07-16 00:51:28,,1,1,A
2351,6,2,hetzner_objectstorage,full,scheduled,completed,v3-zip,m1-beauty.hu/m1-beauty.hu-full-2026-07-16-010712.zip,3374688657,t,t,,passed,f,559,,t,,2026-07-16 01:00:01,2026-07-16 01:09:20,,1,1,A
2352,3,2,hetzner_objectstorage,full,scheduled,failed,v2-zip,,,f,f,,never_tested,f,3305,,f,,2026-07-16 01:03:02,2026-07-16 01:58:07,"prepare-async failed: HTTP 503 — <!DOCTYPE HTML PUBLIC ""-//W3C//DTD HTML 4.01//EN"" ""http://www.w3.org/TR/html4/strict.dt",,,D
2353,37,2,hetzner_objectstorage,full,scheduled,completed,v3-zip,notificarisuplimente.ro/notificarisuplimente.ro-full-2026-07-16-030158.zip,546791946,t,t,,passed,f,149,,t,,2026-07-16 03:00:00,2026-07-16 03:02:29,,1,1,A
2354,32,2,hetzner_objectstorage,full,scheduled,completed,v3-zip,feaagalati.ro/feaagalati.ro-full-2026-07-16-030354.zip,448606444,t,t,,passed,f,74,,t,,2026-07-16 03:03:00,2026-07-16 03:04:14,,1,1,A
2355,38,2,hetzner_objectstorage,full,scheduled,completed,v3-zip,motivonti.ro/motivonti.ro-full-2026-07-16-030806.zip,2237304061,t,t,,passed,f,212,,t,,2026-07-16 03:06:00,2026-07-16 03:09:32,,1,1,A
2356,40,2,hetzner_objectstorage,database,manual,completed,v3-zip,eia.feaa.ugal.ro/eia.feaa.ugal.ro-database-2026-07-16-145445.zip,609814,t,f,,passed,f,6,,t,,2026-07-16 14:54:39,2026-07-16 14:54:45,,1,1,A
2357,40,2,hetzner_objectstorage,full,manual,completed,v3-zip,eia.feaa.ugal.ro/eia.feaa.ugal.ro-full-2026-07-16-145549.zip,331882971,t,t,,passed,f,78,,t,,2026-07-16 14:54:51,2026-07-16 14:56:09,,1,1,A
2358,16,2,hetzner_objectstorage,full,scheduled,completed,v3-zip,priority-clinic.ro/priority-clinic.ro-full-2026-07-17-000320.zip,2230819617,t,t,,passed,f,515,,t,,2026-07-17 00:00:01,2026-07-17 00:08:36,,1,1,A
2359,18,2,hetzner_objectstorage,full,scheduled,completed,v3-zip,hotelsimonahalep.ro/hotelsimonahalep.ro-full-2026-07-17-000409.zip,682686528,t,t,,passed,f,202,,t,,2026-07-17 00:03:02,2026-07-17 00:06:24,,1,1,A
2360,33,2,hetzner_objectstorage,full,scheduled,completed,v3-zip,ehvac.ro/ehvac.ro-full-2026-07-17-001900.zip,1462496273,t,t,,passed,f,824,,t,,2026-07-17 00:06:28,2026-07-17 00:20:12,,1,1,A
2361,27,2,hetzner_objectstorage,full,scheduled,completed,v3-zip,paulardeleanu.ro/paulardeleanu.ro-full-2026-07-17-001544.zip,3882107525,t,t,,passed,f,605,,t,,2026-07-17 00:09:00,2026-07-17 00:19:05,,1,1,A
2362,19,2,hetzner_objectstorage,full,scheduled,completed,v3-zip,manuelasirbu.ro/manuelasirbu.ro-full-2026-07-17-001334.zip,617199712,t,t,,passed,f,131,,t,,2026-07-17 00:12:00,2026-07-17 00:14:11,,1,1,A
2363,25,2,hetzner_objectstorage,full,scheduled,completed,v3-zip,premiumstone.ro/premiumstone.ro-full-2026-07-17-001634.zip,516660611,t,t,,passed,f,143,,t,,2026-07-17 00:15:02,2026-07-17 00:17:25,,1,1,A
2364,22,2,hetzner_objectstorage,full,scheduled,completed,v3-zip,pallady.ichb.ro/pallady.ichb.ro-full-2026-07-17-002025.zip,1318363186,t,t,,passed,f,191,,t,,2026-07-17 00:18:01,2026-07-17 00:21:12,,1,1,A
2365,12,2,hetzner_objectstorage,full,scheduled,completed,v3-zip,matematica-interactiva.ro/matematica-interactiva.ro-full-2026-07-17-002502.zip,1673848405,t,t,,passed,f,311,,t,,2026-07-17 00:21:01,2026-07-17 00:26:12,,1,1,A
2366,30,2,hetzner_objectstorage,full,scheduled,completed,v3-zip,feco.ro/feco.ro-full-2026-07-17-002703.zip,973145347,t,t,,passed,f,216,,t,,2026-07-17 00:24:01,2026-07-17 00:27:37,,1,1,A
2367,29,2,hetzner_objectstorage,full,scheduled,completed,v3-zip,marketingdeck.com/marketingdeck.com-full-2026-07-17-002815.zip,802185800,t,t,,passed,f,101,,t,,2026-07-17 00:27:01,2026-07-17 00:28:42,,1,1,A
2368,28,2,hetzner_objectstorage,full,scheduled,completed,v3-zip,metabolika.ro/metabolika.ro-full-2026-07-17-003123.zip,824872723,t,t,,passed,f,110,,t,,2026-07-17 00:30:00,2026-07-17 00:31:50,,1,1,A
2369,14,2,hetzner_objectstorage,full,scheduled,completed,v3-zip,florinpasat.com/florinpasat.com-full-2026-07-17-004157.zip,4181554583,t,t,,passed,f,706,,t,,2026-07-17 00:33:00,2026-07-17 00:44:46,,1,1,A
2370,17,2,hetzner_objectstorage,full,scheduled,completed,v3-zip,georgianaungureanu.ro/georgianaungureanu.ro-full-2026-07-17-003929.zip,1039814162,t,f,,passed,f,295,,t,,2026-07-17 00:36:01,2026-07-17 00:40:56,,1,1,A
2371,15,2,hetzner_objectstorage,full,scheduled,completed,v3-zip,rollshape.ro/rollshape.ro-full-2026-07-17-004025.zip,572860779,t,t,,passed,f,131,,t,,2026-07-17 00:39:02,2026-07-17 00:41:13,,1,1,A
2372,13,2,hetzner_objectstorage,full,scheduled,completed,v3-zip,fastrackids.ro/fastrackids.ro-full-2026-07-17-004435.zip,1996449080,t,t,,passed,f,228,,t,,2026-07-17 00:42:02,2026-07-17 00:45:50,,1,1,A
2373,24,2,hetzner_objectstorage,full,scheduled,completed,v3-zip,isor.ro/isor.ro-full-2026-07-17-004755.zip,2743764736,t,t,,passed,f,261,,t,,2026-07-17 00:45:00,2026-07-17 00:49:21,,1,1,A
2374,6,2,hetzner_objectstorage,full,scheduled,completed,v3-zip,m1-beauty.hu/m1-beauty.hu-full-2026-07-17-010724.zip,3375167726,t,t,,passed,f,573,,t,,2026-07-17 01:00:00,2026-07-17 01:09:33,,1,1,A
2375,3,2,hetzner_objectstorage,full,scheduled,failed,v2-zip,,,f,f,,never_tested,f,4116,,f,,2026-07-17 01:03:01,2026-07-17 02:11:37,cURL error 28: Operation timed out after 15002 milliseconds with 0 bytes received (see https://curl.haxx.se/libcurl/c/li,,,D
2376,37,2,hetzner_objectstorage,full,scheduled,completed,v3-zip,notificarisuplimente.ro/notificarisuplimente.ro-full-2026-07-17-030157.zip,546787559,t,t,,passed,f,143,,t,,2026-07-17 03:00:01,2026-07-17 03:02:24,,1,1,A
2377,32,2,hetzner_objectstorage,full,scheduled,completed,v3-zip,feaagalati.ro/feaagalati.ro-full-2026-07-17-030354.zip,448638611,t,t,,passed,f,70,,t,,2026-07-17 03:03:00,2026-07-17 03:04:10,,1,1,A
2378,38,2,hetzner_objectstorage,full,scheduled,completed,v3-zip,motivonti.ro/motivonti.ro-full-2026-07-17-030806.zip,2237318131,t,t,,passed,f,193,,t,,2026-07-17 03:06:01,2026-07-17 03:09:14,,1,1,A
2379,40,2,hetzner_objectstorage,full,scheduled,completed,v3-zip,eia.feaa.ugal.ro/eia.feaa.ugal.ro-full-2026-07-17-040928.zip,332358121,t,t,,passed,f,101,,t,,2026-07-17 04:08:01,2026-07-17 04:09:42,,1,1,A
2380,18,2,hetzner_objectstorage,full,scheduled,completed,v3-zip,hotelsimonahalep.ro/hotelsimonahalep.ro-full-2026-07-18-000059.zip,682973915,t,t,,passed,f,93,,t,,2026-07-18 00:00:00,2026-07-18 00:01:33,,1,1,A
2381,12,2,hetzner_objectstorage,full,scheduled,completed,v3-zip,matematica-interactiva.ro/matematica-interactiva.ro-full-2026-07-18-000719.zip,1670645279,t,t,,passed,f,335,,t,,2026-07-18 00:03:00,2026-07-18 00:08:35,,1,1,A
2382,16,2,hetzner_objectstorage,full,scheduled,completed,v3-zip,priority-clinic.ro/priority-clinic.ro-full-2026-07-18-000918.zip,2231088180,t,t,,passed,f,294,,t,,2026-07-18 00:06:02,2026-07-18 00:10:56,,1,1,A
2383,19,2,hetzner_objectstorage,full,scheduled,completed,v3-zip,manuelasirbu.ro/manuelasirbu.ro-full-2026-07-18-001042.zip,616791672,t,t,,passed,f,141,,t,,2026-07-18 00:09:02,2026-07-18 00:11:23,,1,1,A
2384,30,2,hetzner_objectstorage,full,scheduled,completed,v3-zip,feco.ro/feco.ro-full-2026-07-18-001516.zip,982456087,t,t,,passed,f,232,,t,,2026-07-18 00:12:00,2026-07-18 00:15:52,,1,1,A
2385,29,2,hetzner_objectstorage,full,scheduled,completed,v3-zip,marketingdeck.com/marketingdeck.com-full-2026-07-18-001615.zip,801163725,t,t,,passed,f,100,,t,,2026-07-18 00:15:02,2026-07-18 00:16:42,,1,1,A
2386,25,2,hetzner_objectstorage,full,scheduled,completed,v3-zip,premiumstone.ro/premiumstone.ro-full-2026-07-18-001928.zip,521779458,t,t,,passed,f,108,,t,,2026-07-18 00:18:01,2026-07-18 00:19:49,,1,1,A
2387,28,2,hetzner_objectstorage,full,scheduled,completed,v3-zip,metabolika.ro/metabolika.ro-full-2026-07-18-002216.zip,825008886,t,t,,passed,f,109,,t,,2026-07-18 00:21:00,2026-07-18 00:22:49,,1,1,A
2388,27,2,hetzner_objectstorage,full,scheduled,completed,v3-zip,paulardeleanu.ro/paulardeleanu.ro-full-2026-07-18-003025.zip,3882470828,t,t,,passed,f,576,,t,,2026-07-18 00:24:00,2026-07-18 00:33:36,,1,1,A
2389,33,2,hetzner_objectstorage,full,scheduled,completed,v3-zip,ehvac.ro/ehvac.ro-full-2026-07-18-003950.zip,1462450995,t,t,,passed,f,828,,t,,2026-07-18 00:27:01,2026-07-18 00:40:49,,1,1,A
2390,15,2,hetzner_objectstorage,full,scheduled,completed,v3-zip,rollshape.ro/rollshape.ro-full-2026-07-18-003118.zip,573109484,t,t,,passed,f,144,,t,,2026-07-18 00:30:00,2026-07-18 00:32:24,,1,1,A
2391,22,2,hetzner_objectstorage,full,scheduled,completed,v3-zip,pallady.ichb.ro/pallady.ichb.ro-full-2026-07-18-003528.zip,1318623000,t,t,,passed,f,189,,t,,2026-07-18 00:33:01,2026-07-18 00:36:10,,1,1,A
2392,14,2,hetzner_objectstorage,full,scheduled,completed,v3-zip,florinpasat.com/florinpasat.com-full-2026-07-18-004506.zip,4182939446,t,t,,passed,f,699,,t,,2026-07-18 00:36:01,2026-07-18 00:47:40,,1,1,A
2393,13,2,hetzner_objectstorage,full,scheduled,completed,v3-zip,fastrackids.ro/fastrackids.ro-full-2026-07-18-004120.zip,1996546502,t,t,,passed,f,217,,t,,2026-07-18 00:39:02,2026-07-18 00:42:39,,1,1,A
2394,40,2,hetzner_objectstorage,full,scheduled,completed,v3-zip,eia.feaa.ugal.ro/eia.feaa.ugal.ro-full-2026-07-18-004322.zip,332350666,t,t,,passed,f,92,,t,,2026-07-18 00:42:02,2026-07-18 00:43:34,,1,1,A
2395,17,2,hetzner_objectstorage,full,scheduled,completed,v3-zip,georgianaungureanu.ro/georgianaungureanu.ro-full-2026-07-18-004834.zip,1039029102,t,f,,passed,f,290,,t,,2026-07-18 00:45:00,2026-07-18 00:49:50,,1,1,A
2396,24,2,hetzner_objectstorage,full,scheduled,completed,v3-zip,isor.ro/isor.ro-full-2026-07-18-005050.zip,2743766011,t,t,,passed,f,271,,t,,2026-07-18 00:48:00,2026-07-18 00:52:31,,1,1,A
2397,6,2,hetzner_objectstorage,full,scheduled,completed,v3-zip,m1-beauty.hu/m1-beauty.hu-full-2026-07-18-010626.zip,3375169712,t,t,,passed,f,513,,t,,2026-07-18 01:00:01,2026-07-18 01:08:34,,1,1,A
2398,37,2,hetzner_objectstorage,full,scheduled,completed,v3-zip,notificarisuplimente.ro/notificarisuplimente.ro-full-2026-07-18-030204.zip,546803768,t,t,,passed,f,150,,t,,2026-07-18 03:00:01,2026-07-18 03:02:31,,1,1,A
2399,32,2,hetzner_objectstorage,full,scheduled,completed,v3-zip,feaagalati.ro/feaagalati.ro-full-2026-07-18-030352.zip,448644063,t,t,,passed,f,69,,t,,2026-07-18 03:03:00,2026-07-18 03:04:09,,1,1,A
2400,38,2,hetzner_objectstorage,full,scheduled,completed,v3-zip,motivonti.ro/motivonti.ro-full-2026-07-18-030801.zip,2236768519,t,t,,passed,f,192,,t,,2026-07-18 03:06:00,2026-07-18 03:09:12,,1,1,A
2401,19,2,hetzner_objectstorage,full,scheduled,completed,v3-zip,manuelasirbu.ro/manuelasirbu.ro-full-2026-07-19-000134.zip,617009059,t,t,,passed,f,167,,t,,2026-07-19 00:00:01,2026-07-19 00:02:48,,1,1,A
2402,30,2,hetzner_objectstorage,full,scheduled,completed,v3-zip,feco.ro/feco.ro-full-2026-07-19-000620.zip,987296827,t,t,,passed,f,310,,t,,2026-07-19 00:03:00,2026-07-19 00:08:10,,1,1,A
2403,40,2,hetzner_objectstorage,full,scheduled,completed,v3-zip,eia.feaa.ugal.ro/eia.feaa.ugal.ro-full-2026-07-19-000724.zip,332330238,t,t,,passed,f,129,,t,,2026-07-19 00:06:01,2026-07-19 00:08:10,,1,1,A
2404,29,2,hetzner_objectstorage,full,scheduled,completed,v3-zip,marketingdeck.com/marketingdeck.com-full-2026-07-19-001012.zip,801892681,t,t,,passed,f,98,,t,,2026-07-19 00:09:01,2026-07-19 00:10:39,,1,1,A
2405,25,2,hetzner_objectstorage,full,scheduled,completed,v3-zip,premiumstone.ro/premiumstone.ro-full-2026-07-19-001325.zip,518022163,t,t,,passed,f,101,,t,,2026-07-19 00:12:02,2026-07-19 00:13:43,,1,1,A
2406,14,2,hetzner_objectstorage,full,scheduled,completed,v3-zip,florinpasat.com/florinpasat.com-full-2026-07-19-002348.zip,4182231942,t,t,,passed,f,678,,t,,2026-07-19 00:15:01,2026-07-19 00:26:19,,1,1,A
2407,28,2,hetzner_objectstorage,full,scheduled,completed,v3-zip,metabolika.ro/metabolika.ro-full-2026-07-19-001917.zip,825106000,t,t,,passed,f,103,,t,,2026-07-19 00:18:02,2026-07-19 00:19:45,,1,1,A
2408,15,2,hetzner_objectstorage,full,scheduled,completed,v3-zip,rollshape.ro/rollshape.ro-full-2026-07-19-002217.zip,573356084,t,t,,passed,f,103,,t,,2026-07-19 00:21:00,2026-07-19 00:22:43,,1,1,A
2409,27,2,hetzner_objectstorage,full,scheduled,completed,v3-zip,paulardeleanu.ro/paulardeleanu.ro-full-2026-07-19-003028.zip,3882481797,t,t,,passed,f,570,,t,,2026-07-19 00:24:01,2026-07-19 00:33:31,,1,1,A
2410,22,2,hetzner_objectstorage,full,scheduled,completed,v3-zip,pallady.ichb.ro/pallady.ichb.ro-full-2026-07-19-002922.zip,1318855864,t,t,,passed,f,186,,t,,2026-07-19 00:27:02,2026-07-19 00:30:08,,1,1,A
2411,18,2,hetzner_objectstorage,full,scheduled,completed,v3-zip,hotelsimonahalep.ro/hotelsimonahalep.ro-full-2026-07-19-003100.zip,682998556,t,t,,passed,f,107,,t,,2026-07-19 00:30:02,2026-07-19 00:31:49,,1,1,A
2412,33,2,hetzner_objectstorage,full,scheduled,completed,v3-zip,ehvac.ro/ehvac.ro-full-2026-07-19-004537.zip,1462003799,t,t,,passed,f,827,,t,,2026-07-19 00:33:00,2026-07-19 00:46:47,,1,1,A
2413,12,2,hetzner_objectstorage,full,scheduled,completed,v3-zip,matematica-interactiva.ro/matematica-interactiva.ro-full-2026-07-19-004007.zip,1672482914,t,t,,passed,f,300,,t,,2026-07-19 00:36:01,2026-07-19 00:41:01,,1,1,A
2414,17,2,hetzner_objectstorage,full,scheduled,completed,v3-zip,georgianaungureanu.ro/georgianaungureanu.ro-full-2026-07-19-004226.zip,1039305064,t,f,,passed,f,279,,t,,2026-07-19 00:39:02,2026-07-19 00:43:41,,1,1,A
2415,13,2,hetzner_objectstorage,full,scheduled,completed,v3-zip,fastrackids.ro/fastrackids.ro-full-2026-07-19-004424.zip,1996426011,t,t,,passed,f,237,,t,,2026-07-19 00:42:01,2026-07-19 00:45:58,,1,1,A
2416,16,2,hetzner_objectstorage,full,scheduled,completed,v3-zip,priority-clinic.ro/priority-clinic.ro-full-2026-07-19-004813.zip,2231062518,t,t,,passed,f,287,,t,,2026-07-19 00:45:02,2026-07-19 00:49:49,,1,1,A
2417,24,2,hetzner_objectstorage,full,scheduled,completed,v3-zip,isor.ro/isor.ro-full-2026-07-19-005108.zip,2743765978,t,t,,passed,f,289,,t,,2026-07-19 00:48:00,2026-07-19 00:52:49,,1,1,A
2418,6,2,hetzner_objectstorage,full,scheduled,completed,v3-zip,m1-beauty.hu/m1-beauty.hu-full-2026-07-19-010715.zip,3375170079,t,t,,passed,f,564,,t,,2026-07-19 01:00:01,2026-07-19 01:09:25,,1,1,A
2419,37,2,hetzner_objectstorage,full,scheduled,completed,v3-zip,notificarisuplimente.ro/notificarisuplimente.ro-full-2026-07-19-030202.zip,546806259,t,t,,passed,f,144,,t,,2026-07-19 03:00:00,2026-07-19 03:02:24,,1,1,A
2420,32,2,hetzner_objectstorage,full,scheduled,completed,v3-zip,feaagalati.ro/feaagalati.ro-full-2026-07-19-030350.zip,448646958,t,t,,passed,f,66,,t,,2026-07-19 03:03:00,2026-07-19 03:04:06,,1,1,A
2421,38,2,hetzner_objectstorage,full,scheduled,completed,v3-zip,motivonti.ro/motivonti.ro-full-2026-07-19-030759.zip,2236782316,t,t,,passed,f,188,,t,,2026-07-19 03:06:00,2026-07-19 03:09:08,,1,1,A
2422,13,2,hetzner_objectstorage,full,scheduled,completed,v3-zip,fastrackids.ro/fastrackids.ro-full-2026-07-20-000226.zip,1996452092,t,t,,passed,f,419,,t,,2026-07-20 00:00:01,2026-07-20 00:07:00,,1,1,A
2423,29,2,hetzner_objectstorage,full,scheduled,completed,v3-zip,marketingdeck.com/marketingdeck.com-full-2026-07-20-000425.zip,801891630,t,t,,passed,f,231,,t,,2026-07-20 00:03:03,2026-07-20 00:06:54,,1,1,A
2424,25,2,hetzner_objectstorage,full,scheduled,completed,v3-zip,premiumstone.ro/premiumstone.ro-full-2026-07-20-000829.zip,519894878,t,t,,passed,f,136,,t,,2026-07-20 00:07:01,2026-07-20 00:09:17,,1,1,A
2425,33,2,hetzner_objectstorage,full,scheduled,completed,v3-zip,ehvac.ro/ehvac.ro-full-2026-07-20-002141.zip,1462217227,t,t,,passed,f,890,,t,,2026-07-20 00:09:02,2026-07-20 00:23:52,,1,1,A
2426,28,2,hetzner_objectstorage,full,scheduled,completed,v3-zip,metabolika.ro/metabolika.ro-full-2026-07-20-001322.zip,825207946,t,t,,passed,f,109,,t,,2026-07-20 00:12:00,2026-07-20 00:13:49,,1,1,A
2427,15,2,hetzner_objectstorage,full,scheduled,completed,v3-zip,rollshape.ro/rollshape.ro-full-2026-07-20-001617.zip,573613030,t,t,,passed,f,103,,t,,2026-07-20 00:15:00,2026-07-20 00:16:43,,1,1,A
2428,16,2,hetzner_objectstorage,full,scheduled,completed,v3-zip,priority-clinic.ro/priority-clinic.ro-full-2026-07-20-002112.zip,2231482174,t,t,,passed,f,361,,t,,2026-07-20 00:18:00,2026-07-20 00:24:01,,1,1,A
2429,14,2,hetzner_objectstorage,full,scheduled,completed,v3-zip,florinpasat.com/florinpasat.com-full-2026-07-20-003000.zip,4185282541,t,t,,passed,f,737,,t,,2026-07-20 00:21:00,2026-07-20 00:33:17,,1,1,A
2430,22,2,hetzner_objectstorage,full,scheduled,completed,v3-zip,pallady.ichb.ro/pallady.ichb.ro-full-2026-07-20-002619.zip,1318884941,t,t,,passed,f,195,,t,,2026-07-20 00:24:00,2026-07-20 00:27:15,,1,1,A
2431,18,2,hetzner_objectstorage,full,scheduled,completed,v3-zip,hotelsimonahalep.ro/hotelsimonahalep.ro-full-2026-07-20-002801.zip,692186910,t,t,,passed,f,84,,t,,2026-07-20 00:27:01,2026-07-20 00:28:25,,1,1,A
2432,19,2,hetzner_objectstorage,full,scheduled,completed,v3-zip,manuelasirbu.ro/manuelasirbu.ro-full-2026-07-20-003136.zip,617297580,t,t,,passed,f,171,,t,,2026-07-20 00:30:00,2026-07-20 00:32:51,,1,1,A
2433,27,2,hetzner_objectstorage,full,scheduled,completed,v3-zip,paulardeleanu.ro/paulardeleanu.ro-full-2026-07-20-003924.zip,3882506688,t,t,,passed,f,692,,t,,2026-07-20 00:33:01,2026-07-20 00:44:33,,1,1,A
2434,17,2,hetzner_objectstorage,full,scheduled,completed,v3-zip,georgianaungureanu.ro/georgianaungureanu.ro-full-2026-07-20-003934.zip,1039580954,t,f,,passed,f,433,,t,,2026-07-20 00:36:01,2026-07-20 00:43:14,,1,1,A
2435,40,2,hetzner_objectstorage,full,scheduled,completed,v3-zip,eia.feaa.ugal.ro/eia.feaa.ugal.ro-full-2026-07-20-004029.zip,332330824,t,t,,passed,f,159,,t,,2026-07-20 00:39:02,2026-07-20 00:41:41,,1,1,A
2436,30,2,hetzner_objectstorage,full,scheduled,completed,v3-zip,feco.ro/feco.ro-full-2026-07-20-004510.zip,988037095,t,t,,passed,f,226,,t,,2026-07-20 00:42:00,2026-07-20 00:45:46,,1,1,A
2437,12,2,hetzner_objectstorage,full,scheduled,completed,v3-zip,matematica-interactiva.ro/matematica-interactiva.ro-full-2026-07-20-004923.zip,1673222402,t,t,,passed,f,325,,t,,2026-07-20 00:45:01,2026-07-20 00:50:26,,1,1,A
2438,24,2,hetzner_objectstorage,full,scheduled,completed,v3-zip,isor.ro/isor.ro-full-2026-07-20-005059.zip,2744032385,t,t,,passed,f,276,,t,,2026-07-20 00:48:01,2026-07-20 00:52:37,,1,1,A
2439,37,2,hetzner_objectstorage,full,scheduled,completed,v3-zip,notificarisuplimente.ro/notificarisuplimente.ro-full-2026-07-20-030200.zip,546802537,t,t,,passed,f,142,,t,,2026-07-20 03:00:01,2026-07-20 03:02:23,,1,1,A
2440,32,2,hetzner_objectstorage,full,scheduled,completed,v3-zip,feaagalati.ro/feaagalati.ro-full-2026-07-20-030352.zip,448648884,t,t,,passed,f,78,,t,,2026-07-20 03:03:00,2026-07-20 03:04:18,,1,1,A
2441,38,2,hetzner_objectstorage,full,scheduled,completed,v3-zip,motivonti.ro/motivonti.ro-full-2026-07-20-030758.zip,2236785941,t,t,,passed,f,185,,t,,2026-07-20 03:06:00,2026-07-20 03:09:05,,1,1,A
2442,29,2,hetzner_objectstorage,full,scheduled,completed,v3-zip,marketingdeck.com/marketingdeck.com-full-2026-07-21-000111.zip,801901080,t,t,,passed,f,115,,t,,2026-07-21 00:00:01,2026-07-21 00:01:56,,1,1,A
2443,19,2,hetzner_objectstorage,full,scheduled,completed,v3-zip,manuelasirbu.ro/manuelasirbu.ro-full-2026-07-21-000436.zip,617531201,t,t,,passed,f,191,,t,,2026-07-21 00:03:02,2026-07-21 00:06:13,,1,1,A
2444,13,2,hetzner_objectstorage,full,scheduled,completed,v3-zip,fastrackids.ro/fastrackids.ro-full-2026-07-21-000822.zip,1997299581,t,t,,passed,f,217,,t,,2026-07-21 00:06:02,2026-07-21 00:09:39,,1,1,A
2445,25,2,hetzner_objectstorage,full,scheduled,completed,v3-zip,premiumstone.ro/premiumstone.ro-full-2026-07-21-001027.zip,527094384,t,t,,passed,f,105,,t,,2026-07-21 00:09:01,2026-07-21 00:10:46,,1,1,A
2446,14,2,hetzner_objectstorage,full,scheduled,completed,v3-zip,florinpasat.com/florinpasat.com-full-2026-07-21-002050.zip,4190453451,t,t,,passed,f,696,,t,,2026-07-21 00:12:00,2026-07-21 00:23:36,,1,1,A
2447,28,2,hetzner_objectstorage,full,scheduled,completed,v3-zip,metabolika.ro/metabolika.ro-full-2026-07-21-001616.zip,834928218,t,t,,passed,f,102,,t,,2026-07-21 00:15:00,2026-07-21 00:16:42,,1,1,A
2448,15,2,hetzner_objectstorage,full,scheduled,completed,v3-zip,rollshape.ro/rollshape.ro-full-2026-07-21-001919.zip,583430893,t,t,,passed,f,104,,t,,2026-07-21 00:18:01,2026-07-21 00:19:45,,1,1,A
2449,40,2,hetzner_objectstorage,full,scheduled,completed,v3-zip,eia.feaa.ugal.ro/eia.feaa.ugal.ro-full-2026-07-21-002223.zip,332331985,t,t,,passed,f,107,,t,,2026-07-21 00:21:01,2026-07-21 00:22:48,,1,1,A
2450,33,2,hetzner_objectstorage,full,scheduled,completed,v3-zip,ehvac.ro/ehvac.ro-full-2026-07-21-003634.zip,1462050980,t,t,,passed,f,811,,t,,2026-07-21 00:24:00,2026-07-21 00:37:31,,1,1,A
2451,16,2,hetzner_objectstorage,full,scheduled,completed,v3-zip,priority-clinic.ro/priority-clinic.ro-full-2026-07-21-003011.zip,2241235837,t,t,,passed,f,270,,t,,2026-07-21 00:27:02,2026-07-21 00:31:32,,1,1,A
2452,22,2,hetzner_objectstorage,full,scheduled,completed,v3-zip,pallady.ichb.ro/pallady.ichb.ro-full-2026-07-21-003231.zip,1328768267,t,t,,passed,f,191,,t,,2026-07-21 00:30:02,2026-07-21 00:33:13,,1,1,A
2453,27,2,hetzner_objectstorage,full,scheduled,completed,v3-zip,paulardeleanu.ro/paulardeleanu.ro-full-2026-07-21-003941.zip,3889919340,t,t,,passed,f,643,,t,,2026-07-21 00:33:00,2026-07-21 00:43:43,,1,1,A
2454,30,2,hetzner_objectstorage,full,scheduled,completed,v3-zip,feco.ro/feco.ro-full-2026-07-21-003921.zip,999676330,t,t,,passed,f,323,,t,,2026-07-21 00:36:01,2026-07-21 00:41:24,,1,1,A
2455,18,2,hetzner_objectstorage,full,scheduled,completed,v3-zip,hotelsimonahalep.ro/hotelsimonahalep.ro-full-2026-07-21-004002.zip,692476712,t,t,,passed,f,161,,t,,2026-07-21 00:39:02,2026-07-21 00:41:43,,1,1,A
2456,12,2,hetzner_objectstorage,full,scheduled,completed,v3-zip,matematica-interactiva.ro/matematica-interactiva.ro-full-2026-07-21-004522.zip,1673101323,t,t,,passed,f,257,,t,,2026-07-21 00:42:00,2026-07-21 00:46:17,,1,1,A
2457,17,2,hetzner_objectstorage,full,scheduled,completed,v3-zip,georgianaungureanu.ro/georgianaungureanu.ro-full-2026-07-21-004835.zip,1039857519,t,f,,passed,f,295,,t,,2026-07-21 00:45:00,2026-07-21 00:49:55,,1,1,A
2458,24,2,hetzner_objectstorage,full,scheduled,completed,v3-zip,isor.ro/isor.ro-full-2026-07-21-005053.zip,2750991891,t,t,,passed,f,274,,t,,2026-07-21 00:48:00,2026-07-21 00:52:34,,1,1,A
2459,32,2,hetzner_objectstorage,full,scheduled,completed,v3-zip,feaagalati.ro/feaagalati.ro-full-2026-07-21-030053.zip,457940315,t,t,,passed,f,73,,t,,2026-07-21 03:00:01,2026-07-21 03:01:14,,1,1,A
2460,38,2,hetzner_objectstorage,full,scheduled,completed,v3-zip,motivonti.ro/motivonti.ro-full-2026-07-21-030457.zip,2236776401,t,t,,passed,f,203,,t,,2026-07-21 03:03:00,2026-07-21 03:06:23,,1,1,A
2461,37,2,hetzner_objectstorage,full,scheduled,completed,v3-zip,notificarisuplimente.ro/notificarisuplimente.ro-full-2026-07-21-030746.zip,556904446,t,t,,passed,f,125,,t,,2026-07-21 03:06:01,2026-07-21 03:08:06,,1,1,A
2462,22,2,hetzner_objectstorage,full,scheduled,completed,v3-zip,pallady.ichb.ro/pallady.ichb.ro-full-2026-07-22-000236.zip,1329197112,t,t,,passed,f,250,,t,,2026-07-22 00:00:02,2026-07-22 00:04:12,,1,1,A
2463,33,2,hetzner_objectstorage,full,scheduled,completed,v3-zip,ehvac.ro/ehvac.ro-full-2026-07-22-001552.zip,1471301128,t,t,,passed,f,850,,t,,2026-07-22 00:03:03,2026-07-22 00:17:13,,1,1,A
2464,30,2,hetzner_objectstorage,full,scheduled,completed,v3-zip,feco.ro/feco.ro-full-2026-07-22-000910.zip,1003647597,t,t,,passed,f,224,,t,,2026-07-22 00:06:02,2026-07-22 00:09:46,,1,1,A
2465,29,2,hetzner_objectstorage,full,scheduled,completed,v3-zip,marketingdeck.com/marketingdeck.com-full-2026-07-22-001015.zip,801859124,t,t,,passed,f,102,,t,,2026-07-22 00:09:00,2026-07-22 00:10:42,,1,1,A
2466,19,2,hetzner_objectstorage,full,scheduled,completed,v3-zip,manuelasirbu.ro/manuelasirbu.ro-full-2026-07-22-001335.zip,617874287,t,t,,passed,f,128,,t,,2026-07-22 00:12:00,2026-07-22 00:14:08,,1,1,A
2467,18,2,hetzner_objectstorage,full,scheduled,completed,v3-zip,hotelsimonahalep.ro/hotelsimonahalep.ro-full-2026-07-22-001559.zip,694329544,t,t,,passed,f,106,,t,,2026-07-22 00:15:01,2026-07-22 00:16:47,,1,1,A
2468,13,2,hetzner_objectstorage,full,scheduled,completed,v3-zip,fastrackids.ro/fastrackids.ro-full-2026-07-22-002020.zip,1998505762,t,t,,passed,f,202,,t,,2026-07-22 00:18:01,2026-07-22 00:21:23,,1,1,A
2469,27,2,hetzner_objectstorage,full,scheduled,completed,v3-zip,paulardeleanu.ro/paulardeleanu.ro-full-2026-07-22-002740.zip,3890999776,t,t,,passed,f,757,,t,,2026-07-22 00:21:02,2026-07-22 00:33:39,,1,1,A
2470,12,2,hetzner_objectstorage,full,scheduled,completed,v3-zip,matematica-interactiva.ro/matematica-interactiva.ro-full-2026-07-22-002734.zip,1673129052,t,t,,passed,f,357,,t,,2026-07-22 00:24:02,2026-07-22 00:29:59,,1,1,A
2471,17,2,hetzner_objectstorage,full,scheduled,completed,v3-zip,georgianaungureanu.ro/georgianaungureanu.ro-full-2026-07-22-003042.zip,1040123184,t,f,,passed,f,428,,t,,2026-07-22 00:27:02,2026-07-22 00:34:10,,1,1,A
2472,25,2,hetzner_objectstorage,full,scheduled,completed,v3-zip,premiumstone.ro/premiumstone.ro-full-2026-07-22-003136.zip,531741309,t,t,,passed,f,204,,t,,2026-07-22 00:30:03,2026-07-22 00:33:27,,1,1,A
2473,28,2,hetzner_objectstorage,full,scheduled,completed,v3-zip,metabolika.ro/metabolika.ro-full-2026-07-22-003452.zip,835207554,t,t,,passed,f,110,,t,,2026-07-22 00:33:31,2026-07-22 00:35:21,,1,1,A
2474,15,2,hetzner_objectstorage,full,scheduled,completed,v3-zip,rollshape.ro/rollshape.ro-full-2026-07-22-003718.zip,583716343,t,t,,passed,f,104,,t,,2026-07-22 00:36:00,2026-07-22 00:37:44,,1,1,A
2475,40,2,hetzner_objectstorage,full,scheduled,completed,v3-zip,eia.feaa.ugal.ro/eia.feaa.ugal.ro-full-2026-07-22-004034.zip,332255737,t,t,,passed,f,105,,t,,2026-07-22 00:39:01,2026-07-22 00:40:46,,1,1,A
2476,14,2,hetzner_objectstorage,full,scheduled,completed,v3-zip,florinpasat.com/florinpasat.com-full-2026-07-22-005045.zip,4192788044,t,t,,passed,f,835,,t,,2026-07-22 00:42:01,2026-07-22 00:55:56,,1,1,A
2477,16,2,hetzner_objectstorage,full,scheduled,completed,v3-zip,priority-clinic.ro/priority-clinic.ro-full-2026-07-22-004808.zip,2241761569,t,t,,passed,f,288,,t,,2026-07-22 00:45:01,2026-07-22 00:49:49,,1,1,A
2478,24,2,hetzner_objectstorage,full,scheduled,completed,v3-zip,isor.ro/isor.ro-full-2026-07-22-005102.zip,2752445966,t,t,,passed,f,419,,t,,2026-07-22 00:48:02,2026-07-22 00:55:01,,1,1,A
2479,38,2,hetzner_objectstorage,full,scheduled,completed,v3-zip,motivonti.ro/motivonti.ro-full-2026-07-22-030159.zip,2236786392,t,t,,passed,f,206,,t,,2026-07-22 03:00:01,2026-07-22 03:03:27,,1,1,A
2480,37,2,hetzner_objectstorage,full,scheduled,completed,v3-zip,notificarisuplimente.ro/notificarisuplimente.ro-full-2026-07-22-030446.zip,557113449,t,t,,passed,f,128,,t,,2026-07-22 03:03:00,2026-07-22 03:05:08,,1,1,A
2481,32,2,hetzner_objectstorage,full,scheduled,completed,v3-zip,feaagalati.ro/feaagalati.ro-full-2026-07-22-030652.zip,458138967,t,t,,passed,f,69,,t,,2026-07-22 03:06:00,2026-07-22 03:07:09,,1,1,A
2482,22,2,hetzner_objectstorage,full,scheduled,failed,v2-zip,,,f,f,,never_tested,f,,,f,,2026-07-23 00:00:03,2026-07-23 00:23:01,Site was busy with backup; backup will run at its next schedule.,,,D
2483,30,2,hetzner_objectstorage,full,scheduled,completed,v3-zip,feco.ro/feco.ro-full-2026-07-23-000559.zip,1018234571,t,t,,passed,f,315,,t,,2026-07-23 00:03:00,2026-07-23 00:08:15,,1,1,A
2484,29,2,hetzner_objectstorage,full,scheduled,completed,v3-zip,marketingdeck.com/marketingdeck.com-full-2026-07-23-000716.zip,802080021,t,t,,passed,f,153,,t,,2026-07-23 00:06:00,2026-07-23 00:08:33,,1,1,A
2485,28,2,hetzner_objectstorage,full,scheduled,completed,v3-zip,metabolika.ro/metabolika.ro-full-2026-07-23-001015.zip,835266015,t,t,,passed,f,102,,t,,2026-07-23 00:09:00,2026-07-23 00:10:42,,1,1,A
2486,19,2,hetzner_objectstorage,full,scheduled,completed,v3-zip,manuelasirbu.ro/manuelasirbu.ro-full-2026-07-23-001332.zip,618126880,t,t,,passed,f,123,,t,,2026-07-23 00:12:00,2026-07-23 00:14:03,,1,1,A
2487,18,2,hetzner_objectstorage,full,scheduled,completed,v3-zip,hotelsimonahalep.ro/hotelsimonahalep.ro-full-2026-07-23-001601.zip,694092702,t,t,,passed,f,82,,t,,2026-07-23 00:15:01,2026-07-23 00:16:23,,1,1,A
2488,15,2,hetzner_objectstorage,full,scheduled,completed,v3-zip,rollshape.ro/rollshape.ro-full-2026-07-23-001916.zip,583952180,t,t,,passed,f,102,,t,,2026-07-23 00:18:00,2026-07-23 00:19:42,,1,1,A
2489,33,2,hetzner_objectstorage,full,scheduled,completed,v3-zip,ehvac.ro/ehvac.ro-full-2026-07-23-003332.zip,1471659375,t,t,,passed,f,882,,t,,2026-07-23 00:21:01,2026-07-23 00:35:43,,1,1,A
2490,13,2,hetzner_objectstorage,full,scheduled,completed,v3-zip,fastrackids.ro/fastrackids.ro-full-2026-07-23-002625.zip,1998513928,t,t,,passed,f,216,,t,,2026-07-23 00:24:02,2026-07-23 00:27:38,,1,1,A
2491,40,2,hetzner_objectstorage,full,scheduled,completed,v3-zip,eia.feaa.ugal.ro/eia.feaa.ugal.ro-full-2026-07-23-002824.zip,332279116,t,t,,passed,f,95,,t,,2026-07-23 00:27:02,2026-07-23 00:28:37,,1,1,A
2492,12,2,hetzner_objectstorage,full,scheduled,completed,v3-zip,matematica-interactiva.ro/matematica-interactiva.ro-full-2026-07-23-003346.zip,1688121407,t,t,,passed,f,372,,t,,2026-07-23 00:30:01,2026-07-23 00:36:13,,1,1,A
2493,16,2,hetzner_objectstorage,full,scheduled,completed,v3-zip,priority-clinic.ro/priority-clinic.ro-full-2026-07-23-003631.zip,2241642982,t,t,,passed,f,336,,t,,2026-07-23 00:33:02,2026-07-23 00:38:38,,1,1,A
2494,25,2,hetzner_objectstorage,full,scheduled,completed,v3-zip,premiumstone.ro/premiumstone.ro-full-2026-07-23-003727.zip,529596054,t,t,,passed,f,129,,t,,2026-07-23 00:36:01,2026-07-23 00:38:10,,1,1,A
2495,27,2,hetzner_objectstorage,full,scheduled,completed,v3-zip,paulardeleanu.ro/paulardeleanu.ro-full-2026-07-23-004538.zip,3891692557,t,t,,passed,f,567,,t,,2026-07-23 00:39:00,2026-07-23 00:48:27,,1,1,A
2496,14,2,hetzner_objectstorage,full,scheduled,completed,v3-zip,florinpasat.com/florinpasat.com-full-2026-07-23-005054.zip,4194068877,t,t,,passed,f,822,,t,,2026-07-23 00:42:01,2026-07-23 00:55:43,,1,1,A
2497,17,2,hetzner_objectstorage,full,scheduled,completed,v3-zip,georgianaungureanu.ro/georgianaungureanu.ro-full-2026-07-23-004836.zip,1040406915,t,f,,passed,f,301,,t,,2026-07-23 00:45:01,2026-07-23 00:50:02,,1,1,A
2498,24,2,hetzner_objectstorage,full,scheduled,completed,v3-zip,isor.ro/isor.ro-full-2026-07-23-005125.zip,2752889398,t,t,,passed,f,404,,t,,2026-07-23 00:48:32,2026-07-23 00:55:16,,1,1,A
2499,32,2,hetzner_objectstorage,full,scheduled,completed,v3-zip,feaagalati.ro/feaagalati.ro-full-2026-07-23-030059.zip,458133772,t,t,,passed,f,75,,t,,2026-07-23 03:00:00,2026-07-23 03:01:15,,1,1,A
2500,38,2,hetzner_objectstorage,full,scheduled,completed,v3-zip,motivonti.ro/motivonti.ro-full-2026-07-23-030501.zip,2236798483,t,t,,passed,f,201,,t,,2026-07-23 03:03:00,2026-07-23 03:06:21,,1,1,A
2501,37,2,hetzner_objectstorage,full,scheduled,completed,v3-zip,notificarisuplimente.ro/notificarisuplimente.ro-full-2026-07-23-030752.zip,579566299,t,t,,passed,f,132,,t,,2026-07-23 03:06:01,2026-07-23 03:08:13,,1,1,A
2502,41,2,hetzner_objectstorage,full,scheduled,completed,v3-zip,notificarialimente.ro/notificarialimente.ro-full-2026-07-23-042711.zip,567307480,t,t,,passed,f,90,,t,,2026-07-23 04:26:01,2026-07-23 04:27:31,,1,1,A
2503,41,2,hetzner_objectstorage,full,manual,completed,v3-zip,notificarialimente.ro/notificarialimente.ro-full-2026-07-23-085838.zip,567354456,t,t,,passed,f,93,,t,,2026-07-23 08:57:24,2026-07-23 08:58:57,,1,1,A
2504,30,2,hetzner_objectstorage,full,scheduled,completed,v3-zip,feco.ro/feco.ro-full-2026-07-24-000253.zip,1028754818,t,t,,passed,f,259,,t,,2026-07-24 00:00:00,2026-07-24 00:04:19,,1,1,A
2505,40,2,hetzner_objectstorage,full,scheduled,completed,v3-zip,eia.feaa.ugal.ro/eia.feaa.ugal.ro-full-2026-07-24-000429.zip,332280375,t,t,,passed,f,113,,t,,2026-07-24 00:03:02,2026-07-24 00:04:55,,1,1,A
2506,22,2,hetzner_objectstorage,full,scheduled,completed,v3-zip,pallady.ichb.ro/pallady.ichb.ro-full-2026-07-24-000827.zip,1329682142,t,t,,passed,f,189,,t,,2026-07-24 00:06:00,2026-07-24 00:09:09,,1,1,A
2507,29,2,hetzner_objectstorage,full,scheduled,completed,v3-zip,marketingdeck.com/marketingdeck.com-full-2026-07-24-001011.zip,802129948,t,t,,passed,f,96,,t,,2026-07-24 00:09:02,2026-07-24 00:10:38,,1,1,A
2508,33,2,hetzner_objectstorage,full,scheduled,completed,v3-zip,ehvac.ro/ehvac.ro-full-2026-07-24-002421.zip,1471693216,t,t,,passed,f,790,,t,,2026-07-24 00:12:01,2026-07-24 00:25:11,,1,1,A
2509,28,2,hetzner_objectstorage,full,scheduled,completed,v3-zip,metabolika.ro/metabolika.ro-full-2026-07-24-001621.zip,835310675,t,t,,passed,f,106,,t,,2026-07-24 00:15:02,2026-07-24 00:16:48,,1,1,A
2510,12,2,hetzner_objectstorage,full,scheduled,completed,v3-zip,matematica-interactiva.ro/matematica-interactiva.ro-full-2026-07-24-002153.zip,1688107826,t,t,,passed,f,320,,t,,2026-07-24 00:18:01,2026-07-24 00:23:21,,1,1,A
2511,25,2,hetzner_objectstorage,full,scheduled,completed,v3-zip,premiumstone.ro/premiumstone.ro-full-2026-07-24-002225.zip,530093699,t,t,,passed,f,135,,t,,2026-07-24 00:21:02,2026-07-24 00:23:17,,1,1,A
2512,16,2,hetzner_objectstorage,full,scheduled,completed,v3-zip,priority-clinic.ro/priority-clinic.ro-full-2026-07-24-002709.zip,2241992691,t,t,,passed,f,269,,t,,2026-07-24 00:24:00,2026-07-24 00:28:29,,1,1,A
2513,19,2,hetzner_objectstorage,full,scheduled,completed,v3-zip,manuelasirbu.ro/manuelasirbu.ro-full-2026-07-24-002835.zip,618382408,t,t,,passed,f,124,,t,,2026-07-24 00:27:01,2026-07-24 00:29:05,,1,1,A
2514,27,2,hetzner_objectstorage,full,scheduled,completed,v3-zip,paulardeleanu.ro/paulardeleanu.ro-full-2026-07-24-003639.zip,3892282552,t,t,,passed,f,547,,t,,2026-07-24 00:30:00,2026-07-24 00:39:07,,1,1,A
2515,14,2,hetzner_objectstorage,full,scheduled,failed,v2-zip,,,f,f,,never_tested,f,165,,f,,2026-07-24 00:33:01,2026-07-24 00:35:46,Chunk 3 exec failed: HTTP 500,,,D
2516,17,2,hetzner_objectstorage,full,scheduled,completed,v3-zip,georgianaungureanu.ro/georgianaungureanu.ro-full-2026-07-24-003930.zip,1040690830,t,f,,passed,f,306,,t,,2026-07-24 00:36:01,2026-07-24 00:41:07,,1,1,A
2517,18,2,hetzner_objectstorage,full,scheduled,completed,v3-zip,hotelsimonahalep.ro/hotelsimonahalep.ro-full-2026-07-24-004000.zip,694107327,t,t,,passed,f,105,,t,,2026-07-24 00:39:02,2026-07-24 00:40:47,,1,1,A
2518,41,2,hetzner_objectstorage,full,scheduled,completed,v3-zip,notificarialimente.ro/notificarialimente.ro-full-2026-07-24-004313.zip,571783535,t,t,,passed,f,93,,t,,2026-07-24 00:42:00,2026-07-24 00:43:33,,1,1,A
2519,15,2,hetzner_objectstorage,full,scheduled,completed,v3-zip,rollshape.ro/rollshape.ro-full-2026-07-24-004619.zip,584271949,t,t,,passed,f,105,,t,,2026-07-24 00:45:00,2026-07-24 00:46:45,,1,1,A
2520,13,2,hetzner_objectstorage,full,scheduled,completed,v3-zip,fastrackids.ro/fastrackids.ro-full-2026-07-24-005015.zip,1998535668,t,t,,passed,f,211,,t,,2026-07-24 00:48:00,2026-07-24 00:51:31,,1,1,A
2521,24,2,hetzner_objectstorage,full,scheduled,completed,v3-zip,isor.ro/isor.ro-full-2026-07-24-005349.zip,2752967595,t,t,,passed,f,266,,t,,2026-07-24 00:51:00,2026-07-24 00:55:26,,1,1,A
2522,32,2,hetzner_objectstorage,full,scheduled,completed,v3-zip,feaagalati.ro/feaagalati.ro-full-2026-07-24-030053.zip,458154055,t,t,,passed,f,73,,t,,2026-07-24 03:00:02,2026-07-24 03:01:15,,1,1,A
2523,38,2,hetzner_objectstorage,full,scheduled,completed,v3-zip,motivonti.ro/motivonti.ro-full-2026-07-24-030457.zip,2236760380,t,t,,passed,f,197,,t,,2026-07-24 03:03:00,2026-07-24 03:06:17,,1,1,A
2524,37,2,hetzner_objectstorage,full,scheduled,completed,v3-zip,notificarisuplimente.ro/notificarisuplimente.ro-full-2026-07-24-030750.zip,579552821,t,t,,passed,f,140,,t,,2026-07-24 03:06:01,2026-07-24 03:08:21,,1,1,A
2525,15,2,hetzner_objectstorage,full,scheduled,completed,v3-zip,rollshape.ro/rollshape.ro-full-2026-07-25-000123.zip,584513937,t,t,,passed,f,137,,t,,2026-07-25 00:00:01,2026-07-25 00:02:18,,1,1,A
2526,30,2,hetzner_objectstorage,full,scheduled,completed,v3-zip,feco.ro/feco.ro-full-2026-07-25-000548.zip,1060517007,t,t,,passed,f,270,,t,,2026-07-25 00:03:02,2026-07-25 00:07:32,,1,1,A
2527,25,2,hetzner_objectstorage,full,scheduled,completed,v3-zip,premiumstone.ro/premiumstone.ro-full-2026-07-25-000733.zip,528879552,t,t,,passed,f,133,,t,,2026-07-25 00:06:02,2026-07-25 00:08:15,,1,1,A
2528,12,2,hetzner_objectstorage,full,scheduled,completed,v3-zip,matematica-interactiva.ro/matematica-interactiva.ro-full-2026-07-25-001249.zip,1688121012,t,t,,passed,f,293,,t,,2026-07-25 00:09:00,2026-07-25 00:13:53,,1,1,A
2529,13,2,hetzner_objectstorage,full,scheduled,completed,v3-zip,fastrackids.ro/fastrackids.ro-full-2026-07-25-001424.zip,1999140231,t,t,,passed,f,209,,t,,2026-07-25 00:12:00,2026-07-25 00:15:29,,1,1,A
2530,40,2,hetzner_objectstorage,full,scheduled,completed,v3-zip,eia.feaa.ugal.ro/eia.feaa.ugal.ro-full-2026-07-25-001622.zip,332280128,t,t,,passed,f,95,,t,,2026-07-25 00:15:00,2026-07-25 00:16:35,,1,1,A
2531,33,2,hetzner_objectstorage,full,scheduled,failed,v2-zip,,,f,f,,never_tested,f,1072,,f,,2026-07-25 00:18:00,2026-07-25 00:35:52,cURL error 28: Connection timed out after 30002 milliseconds (see https://curl.se/libcurl/c/libcurl-errors.html) for htt,,,D
2532,17,2,hetzner_objectstorage,full,scheduled,completed,v3-zip,georgianaungureanu.ro/georgianaungureanu.ro-full-2026-07-25-002432.zip,1040962818,t,f,,passed,f,286,,t,,2026-07-25 00:21:01,2026-07-25 00:25:47,,1,1,A
2533,16,2,hetzner_objectstorage,full,scheduled,completed,v3-zip,priority-clinic.ro/priority-clinic.ro-full-2026-07-25-002711.zip,2242267072,t,t,,passed,f,313,,t,,2026-07-25 00:24:01,2026-07-25 00:29:14,,1,1,A
2534,19,2,hetzner_objectstorage,full,scheduled,completed,v3-zip,manuelasirbu.ro/manuelasirbu.ro-full-2026-07-25-002833.zip,618557227,t,t,,passed,f,151,,t,,2026-07-25 00:27:00,2026-07-25 00:29:31,,1,1,A
2535,14,2,hetzner_objectstorage,full,scheduled,failed,v2-zip,,,f,f,,never_tested,f,164,,f,,2026-07-25 00:30:00,2026-07-25 00:32:44,Chunk 3 exec failed: HTTP 500,,,D
2536,22,2,hetzner_objectstorage,full,scheduled,completed,v3-zip,pallady.ichb.ro/pallady.ichb.ro-full-2026-07-25-003524.zip,1329921199,t,t,,passed,f,185,,t,,2026-07-25 00:33:01,2026-07-25 00:36:06,,1,1,A
2537,27,2,hetzner_objectstorage,full,scheduled,completed,v3-zip,paulardeleanu.ro/paulardeleanu.ro-full-2026-07-25-004228.zip,3892243417,t,t,,passed,f,582,,t,,2026-07-25 00:36:02,2026-07-25 00:45:44,,1,1,A
2538,29,2,hetzner_objectstorage,full,scheduled,completed,v3-zip,marketingdeck.com/marketingdeck.com-full-2026-07-25-004014.zip,802282206,t,t,,passed,f,104,,t,,2026-07-25 00:39:01,2026-07-25 00:40:45,,1,1,A
2539,28,2,hetzner_objectstorage,full,scheduled,completed,v3-zip,metabolika.ro/metabolika.ro-full-2026-07-25-004318.zip,835360534,t,t,,passed,f,140,,t,,2026-07-25 00:42:00,2026-07-25 00:44:20,,1,1,A
2540,18,2,hetzner_objectstorage,full,scheduled,completed,v3-zip,hotelsimonahalep.ro/hotelsimonahalep.ro-full-2026-07-25-004557.zip,694335507,t,t,,passed,f,81,,t,,2026-07-25 00:45:00,2026-07-25 00:46:21,,1,1,A
2541,41,2,hetzner_objectstorage,full,scheduled,completed,v3-zip,notificarialimente.ro/notificarialimente.ro-full-2026-07-25-004915.zip,571929790,t,t,,passed,f,97,,t,,2026-07-25 00:48:00,2026-07-25 00:49:37,,1,1,A
2542,24,2,hetzner_objectstorage,full,scheduled,completed,v3-zip,isor.ro/isor.ro-full-2026-07-25-005352.zip,2753024331,t,t,,passed,f,272,,t,,2026-07-25 00:51:00,2026-07-25 00:55:32,,1,1,A
2543,32,2,hetzner_objectstorage,full,scheduled,completed,v3-zip,feaagalati.ro/feaagalati.ro-full-2026-07-25-030053.zip,457911671,t,t,,passed,f,75,,t,,2026-07-25 03:00:01,2026-07-25 03:01:16,,1,1,A
2544,38,2,hetzner_objectstorage,full,scheduled,failed,v2-zip,,,f,f,,never_tested,f,496,,f,,2026-07-25 03:03:00,2026-07-25 03:11:16,cURL error 6: Could not resolve host: motivonti.ro (DNS server returned general failure) (see https://curl.se/libcurl/c/,,,D
2545,37,2,hetzner_objectstorage,full,scheduled,completed,v3-zip,notificarisuplimente.ro/notificarisuplimente.ro-full-2026-07-25-030753.zip,579556411,t,t,,passed,f,152,,t,,2026-07-25 03:06:00,2026-07-25 03:08:32,,1,1,A
